Fecha,Column 3,Column 4,Número
2020-03-18T14:09:28Z,#FelizMiercoles,http://twitter.com/search?q=%23FelizMiercoles,19623
2020-03-18T21:25:09Z,Rey Felipe VI,http://twitter.com/search?q=%22Rey+Felipe+VI%22,10123
2020-03-19T02:22:59Z,Felipe Melo,http://twitter.com/search?q=%22Felipe+Melo%22,17569
2020-03-19T02:22:59Z,#FelizMiercoles,http://twitter.com/search?q=%23FelizMiercoles,55170
2020-03-19T03:28:14Z,#FelizMiercoles,http://twitter.com/search?q=%23FelizMiercoles,56071
2020-03-19T04:23:03Z,#FelizMiercoles,http://twitter.com/search?q=%23FelizMiercoles,56539
2020-03-19T05:22:59Z,#FelizMiercoles,http://twitter.com/search?q=%23FelizMiercoles,56789
2020-03-19T06:22:57Z,#FelizMiercoles,http://twitter.com/search?q=%23FelizMiercoles,56668
2020-03-19T12:30:48Z,#FelizDiaDelPadre,http://twitter.com/search?q=%23FelizDiaDelPadre,16772
2020-03-19T14:26:42Z,#FelizDiaDelPadre,http://twitter.com/search?q=%23FelizDiaDelPadre,22327
2020-03-19T15:26:45Z,#FelizDiaDelPadre,http://twitter.com/search?q=%23FelizDiaDelPadre,25145
2020-03-19T16:26:43Z,#FelizDiaDelPadre,http://twitter.com/search?q=%23FelizDiaDelPadre,27479
2020-03-20T07:31:46Z,#FelizDiaDelPadre,http://twitter.com/search?q=%23FelizDiaDelPadre,36753
2020-03-20T07:41:46Z,#FelizDiaDelPadre,http://twitter.com/search?q=%23FelizDiaDelPadre,36788
2020-03-20T08:31:48Z,#FelizDiaDelPadre,http://twitter.com/search?q=%23FelizDiaDelPadre,34735
2020-03-20T09:31:49Z,#FelizDiaDelPadre,http://twitter.com/search?q=%23FelizDiaDelPadre,31834
2020-03-20T16:36:21Z,#FelizViernesATodos,http://twitter.com/search?q=%23FelizViernesATodos,11011
2020-03-21T04:40:31Z,#DiaInternacionalDeLaFelicidad,http://twitter.com/search?q=%23DiaInternacionalDeLaFelicidad,11983
2020-03-21T08:46:51Z,#FelizViernesATodos,http://twitter.com/search?q=%23FelizViernesATodos,23599
2020-03-21T12:41:59Z,#FelizSabado,http://twitter.com/search?q=%23FelizSabado,11801
2020-03-21T17:48:26Z,#FelizSabado,http://twitter.com/search?q=%23FelizSabado,31868
2020-03-22T07:59:07Z,#FelizSabado,http://twitter.com/search?q=%23FelizSabado,56721
2020-03-22T12:01:09Z,#FelizDomingo,http://twitter.com/search?q=%23FelizDomingo,10178
2020-03-22T14:03:32Z,#FelizDomingo,http://twitter.com/search?q=%23FelizDomingo,16937
2020-03-22T16:03:42Z,#FelizDomingo,http://twitter.com/search?q=%23FelizDomingo,27616
2020-03-23T04:11:46Z,#FelizDomingo,http://twitter.com/search?q=%23FelizDomingo,65462
2020-03-23T11:52:31Z,#FelizLunes,http://twitter.com/search?q=%23FelizLunes,13188
2020-03-23T13:52:37Z,#FelizLunes,http://twitter.com/search?q=%23FelizLunes,21087
2020-03-24T12:34:53Z,#FelizMartes,http://twitter.com/search?q=%23FelizMartes,14469
2020-03-24T15:33:50Z,#FelizMartes,http://twitter.com/search?q=%23FelizMartes,26046
2020-03-25T11:57:32Z,#FelizMiercoles,http://twitter.com/search?q=%23FelizMiercoles,10776
2020-03-25T12:57:39Z,#FelizMiercoles,http://twitter.com/search?q=%23FelizMiercoles,14409
2020-03-25T14:56:24Z,#FelizMiercoles,http://twitter.com/search?q=%23FelizMiercoles,23974
2020-03-25T16:54:46Z,#FelizMiercoles,http://twitter.com/search?q=%23FelizMiercoles,32641
2020-03-26T11:17:24Z,#FelizJueves,http://twitter.com/search?q=%23FelizJueves,10740
2020-03-26T12:17:30Z,#FelizJueves,http://twitter.com/search?q=%23FelizJueves,13387
2020-03-26T13:17:22Z,#FelizJueves,http://twitter.com/search?q=%23FelizJueves,16635
2020-03-27T05:31:08Z,#FelizJueves,http://twitter.com/search?q=%23FelizJueves,63098
2020-03-27T08:40:40Z,#FelizJueves,http://twitter.com/search?q=%23FelizJueves,60260
2020-03-28T02:56:51Z,#FelizViernesATodos,http://twitter.com/search?q=%23FelizViernesAtodos,24999
2020-03-28T06:00:09Z,#FelizFinde,http://twitter.com/search?q=%23FelizFinde,10022
2020-03-28T12:00:52Z,#FelizSabado,http://twitter.com/search?q=%23FelizSabado,10534
2020-03-28T14:08:02Z,#FelizSabado,http://twitter.com/search?q=%23FelizSabado,18808
2020-03-28T15:08:06Z,#FelizSabado,http://twitter.com/search?q=%23FelizSabado,23878
2020-03-28T17:13:10Z,#FelizSabado,http://twitter.com/search?q=%23FelizSabado,33979
2020-03-28T21:13:21Z,Felicidades Amancio,http://twitter.com/search?q=%22Felicidades+Amancio%22,12995
2020-03-28T23:13:09Z,Felicidades Amancio,http://twitter.com/search?q=%22Felicidades+Amancio%22,16110
2020-03-30T08:47:52Z,#FelizLunes,http://twitter.com/search?q=%23FelizLunes,10361
2020-03-30T10:47:57Z,#FelizLunes,http://twitter.com/search?q=%23FelizLunes,16011
2020-03-30T12:50:26Z,#FelizLunes,http://twitter.com/search?q=%23FelizLunes,22264
2020-03-31T02:07:17Z,#FelizLunes,http://twitter.com/search?q=%23FelizLunes,66232
2020-03-31T12:14:35Z,#FelizMartes,http://twitter.com/search?q=%23FelizMartes,13534
2020-04-01T04:28:54Z,#FelizMartes,http://twitter.com/search?q=%23FelizMartes,59545
2020-04-01T07:30:10Z,#FelizMartes,http://twitter.com/search?q=%23FelizMartes,57841
2020-04-01T08:35:11Z,#FelizMartes,http://twitter.com/search?q=%23FelizMartes,56361
2020-04-01T12:37:42Z,#FelizMiercoles,http://twitter.com/search?q=%23FelizMiercoles,23362
2020-04-01T23:47:14Z,#FelizMiercoles,http://twitter.com/search?q=%23FelizMiercoles,64125
2020-04-02T08:57:29Z,#FelizJueves,http://twitter.com/search?q=%23FelizJueves,11216
2020-04-02T09:57:31Z,#FelizJueves,http://twitter.com/search?q=%23FelizJueves,13757
2020-04-03T14:25:23Z,#FelizFinde,http://twitter.com/search?q=%23FelizFinde,11256
2020-04-04T02:40:52Z,#FelizFinde,http://twitter.com/search?q=%23FelizFinde,15294
2020-04-04T12:47:00Z,#FelizSabado,http://twitter.com/search?q=%23FelizSabado,14913
2020-04-04T13:47:05Z,#FelizSabado,http://twitter.com/search?q=%23FelizSabado,18716
2020-04-04T15:52:12Z,Felipe González,http://twitter.com/search?q=%22Felipe+Gonz%C3%A1lez%22,18292
2020-04-05T04:02:52Z,#FelizSabado,http://twitter.com/search?q=%23FelizSabado,55857
2020-04-05T05:02:51Z,#FelizSabado,http://twitter.com/search?q=%23FelizSabado,56468
2020-04-05T06:02:50Z,#FelizSabado,http://twitter.com/search?q=%23FelizSabado,56373
2020-04-06T10:28:59Z,#FelizLunes,http://twitter.com/search?q=%23FelizLunes,10032
2020-04-06T11:34:00Z,#FelizLunes,http://twitter.com/search?q=%23FelizLunes,12399
2020-04-06T13:29:43Z,#FelizLunes,http://twitter.com/search?q=%23FelizLunes,19288
2020-04-08T09:20:00Z,#FelizMartes,http://twitter.com/search?q=%23FelizMartes,50183
2020-04-08T11:16:28Z,#FelizMiercoles,http://twitter.com/search?q=%23FelizMiercoles,11663
2020-04-08T13:19:43Z,#FelizMiercoles,http://twitter.com/search?q=%23FelizMiercoles,18559
2020-04-08T15:21:47Z,#FelizMiercoles,http://twitter.com/search?q=%23FelizMiercoles,27580
2020-04-09T01:33:08Z,Felipe González,http://twitter.com/search?q=%22Felipe+Gonz%C3%A1lez%22,36406
2020-04-09T03:34:10Z,Felipe González,http://twitter.com/search?q=%22Felipe+Gonz%C3%A1lez%22,36690
2020-04-09T06:34:08Z,#FelizMiercoles,http://twitter.com/search?q=%23FelizMiercoles,62682
2020-04-09T07:34:10Z,Felipe González,http://twitter.com/search?q=%22Felipe+Gonz%C3%A1lez%22,37450
2020-04-09T08:39:10Z,Felipe González,http://twitter.com/search?q=%22Felipe+Gonz%C3%A1lez%22,36541
2020-04-09T09:39:11Z,Felipe González,http://twitter.com/search?q=%22Felipe+Gonz%C3%A1lez%22,34534
2020-04-09T09:39:11Z,#FelizMiercoles,http://twitter.com/search?q=%23FelizMiercoles,58178
2020-04-10T07:16:45Z,#FelizJueves,http://twitter.com/search?q=%23FelizJueves,46402
2020-04-10T07:16:45Z,#FelizJueves,http://twitter.com/search?q=%23FelizJueves,46402
2020-04-10T07:16:45Z,#FelizJueves,http://twitter.com/search?q=%23FelizJueves,46402
2020-04-11T08:25:49Z,#FelizSabado,http://twitter.com/search?q=%23FelizSabado,11902
2020-04-11T10:25:47Z,#FelizSabado,http://twitter.com/search?q=%23FelizSabado,19003
2020-04-11T15:32:15Z,#FelizSabado,http://twitter.com/search?q=%23FelizSabado,36607
2020-04-12T03:37:05Z,#FelizSabado,http://twitter.com/search?q=%23FelizSabado,62515
2020-04-12T06:44:15Z,Felices Pascuas,http://twitter.com/search?q=%22Felices+Pascuas%22,17707
2020-04-12T11:50:06Z,#FelizDomingo,http://twitter.com/search?q=%23FelizDomingo,10419
2020-04-12T12:50:09Z,Felices Pascuas,http://twitter.com/search?q=%22Felices+Pascuas%22,29338
2020-04-12T14:50:15Z,#FelizDomingo,http://twitter.com/search?q=%23FelizDomingo,20853
2020-04-12T15:55:19Z,#FelizDomingo,http://twitter.com/search?q=%23FelizDomingo,25828
2020-04-12T16:55:40Z,#FelicesPascuas,http://twitter.com/search?q=%23FelicesPascuas,15282
2020-04-13T01:02:26Z,Feliz Pascua de Resurrección,http://twitter.com/search?q=%22Feliz+Pascua+de+Resurrecci%C3%B3n%22,34307
2020-04-13T08:12:10Z,Feliz Pascua de Resurrección,http://twitter.com/search?q=%22Feliz+Pascua+de+Resurrecci%C3%B3n%22,29637
2020-04-13T11:08:12Z,#FelizLunes,http://twitter.com/search?q=%23FelizLunes,11837
2020-04-14T02:28:05Z,#FelizLunes,http://twitter.com/search?q=%23FelizLunes,64450
2020-04-14T08:28:02Z,#FelizLunes,http://twitter.com/search?q=%23FelizLunes,63022
2020-04-14T09:33:01Z,#FelizLunes,http://twitter.com/search?q=%23FelizLunes,61264
2020-04-14T11:33:15Z,#FelizMartes,http://twitter.com/search?q=%23FelizMartes,12966
2020-04-15T06:50:20Z,#FelizMartes,http://twitter.com/search?q=%23FelizMartes,58858
2020-04-15T12:56:19Z,#FelizMiercoles,http://twitter.com/search?q=%23FelizMiercoles,12629
2020-04-16T03:09:30Z,#FelizMiercoles,http://twitter.com/search?q=%23FelizMiercoles,40141
2020-04-16T07:15:39Z,#FelizMiercoles,http://twitter.com/search?q=%23FelizMiercoles,39124
2020-04-16T11:20:44Z,#FelizJueves,http://twitter.com/search?q=%23FelizJueves,11070
2020-04-16T13:20:54Z,#FelizJueves,http://twitter.com/search?q=%23FelizJueves,16625
2020-04-18T00:54:05Z,#FelizFinde,http://twitter.com/search?q=%23FelizFinde,11500
2020-04-18T04:58:57Z,#FelizFinde,http://twitter.com/search?q=%23FelizFinde,12059
2020-04-18T05:58:56Z,#FelizFinde,http://twitter.com/search?q=%23FelizFinde,12115
2020-04-18T12:09:03Z,#FelizSabado,http://twitter.com/search?q=%23FelizSabado,13158
2020-04-19T01:19:02Z,#FelizSabado,http://twitter.com/search?q=%23FelizSabado,49506
2020-04-19T03:19:00Z,#FelizSabado,http://twitter.com/search?q=%23FelizSabado,50999
2020-04-19T09:29:03Z,#FelizDomingo,http://twitter.com/search?q=%23FelizDomingo,15099
2020-04-19T10:29:04Z,#FelizDomingo,http://twitter.com/search?q=%23FelizDomingo,20450
2020-04-19T11:29:04Z,#FelizDomingo,http://twitter.com/search?q=%23FelizDomingo,24955
2020-04-19T12:29:05Z,#FelizDomingo,http://twitter.com/search?q=%23FelizDomingo,28166
2020-04-19T13:29:08Z,#FelizDomingo,http://twitter.com/search?q=%23FelizDomingo,31793
2020-04-19T14:29:18Z,#FelizDomingo,http://twitter.com/search?q=%23FelizDomingo,36513
2020-04-20T00:39:15Z,#FelizDomingo,http://twitter.com/search?q=%23FelizDomingo,62751
2020-04-20T01:39:12Z,#FelizDomingo,http://twitter.com/search?q=%23FelizDomingo,63878
2020-04-20T02:44:12Z,#FelizDomingo,http://twitter.com/search?q=%23FelizDomingo,64937
2020-04-20T03:44:11Z,#FelizDomingo,http://twitter.com/search?q=%23FelizDomingo,65666
2020-04-20T09:49:16Z,#FelizLunes,http://twitter.com/search?q=%23FelizLunes,10009
2020-04-20T10:49:16Z,#FelizLunes,http://twitter.com/search?q=%23FelizLunes,12227
2020-04-20T12:49:23Z,#FelizLunes,http://twitter.com/search?q=%23FelizLunes,19222
2020-04-21T12:16:31Z,#FelizMartes,http://twitter.com/search?q=%23FelizMartes,14593
2020-04-21T14:16:39Z,#FelizMartes,http://twitter.com/search?q=%23FelizMartes,22410
2020-04-22T02:27:39Z,#FelizMartes,http://twitter.com/search?q=%23FelizMartes,48615
2020-04-22T04:29:40Z,#FelizMartes,http://twitter.com/search?q=%23FelizMartes,49865
2020-04-22T05:34:36Z,#FelizMartes,http://twitter.com/search?q=%23FelizMartes,49877
2020-04-23T02:52:44Z,#FelizMiercoles,http://twitter.com/search?q=%23FelizMiercoles,47355
2020-04-23T03:52:42Z,#FelizMiercoles,http://twitter.com/search?q=%23FelizMiercoles,48033
2020-04-23T04:52:41Z,#FelizMiercoles,http://twitter.com/search?q=%23FelizMiercoles,48414
2020-04-23T05:52:38Z,#FelizMiercoles,http://twitter.com/search?q=%23FelizMiercoles,48310
2020-04-23T11:57:47Z,#FelizJueves,http://twitter.com/search?q=%23FelizJueves,11995
2020-04-24T03:16:22Z,#FelizJueves,http://twitter.com/search?q=%23FelizJueves,48618
2020-04-24T05:16:18Z,#FelizJueves,http://twitter.com/search?q=%23FelizJueves,48779
2020-04-25T00:35:30Z,#FelizFinde,http://twitter.com/search?q=%23FelizFinde,11119
2020-04-25T02:35:29Z,#FelizFinde,http://twitter.com/search?q=%23FelizFinde,11451
2020-04-25T04:40:27Z,#FelizFinde,http://twitter.com/search?q=%23FelizFinde,11690
2020-04-25T10:45:29Z,#FelizSabado,http://twitter.com/search?q=%23FelizSabado,10507
2020-04-25T11:45:31Z,#FelizSabado,http://twitter.com/search?q=%23FelizSabado,12956
2020-04-25T12:45:33Z,#FelizSabado,http://twitter.com/search?q=%23FelizSabado,15953
2020-04-25T14:45:36Z,#FelizSabado,http://twitter.com/search?q=%23FelizSabado,24815
2020-04-25T17:50:36Z,#FelizSabado,http://twitter.com/search?q=%23FelizSabado,37253
2020-04-26T05:00:28Z,#FelizSabado,http://twitter.com/search?q=%23FelizSabado,55261
2020-04-26T06:05:29Z,#FelizSabado,http://twitter.com/search?q=%23FelizSabado,54916
2020-04-26T07:05:30Z,#FelizSabado,http://twitter.com/search?q=%23FelizSabado,53964
2020-04-26T11:05:33Z,#FelizDomingo,http://twitter.com/search?q=%23FelizDomingo,10921
2020-04-26T12:05:32Z,#FelizDomingo,http://twitter.com/search?q=%23FelizDomingo,13333
2020-04-26T13:05:35Z,#FelizDomingo,http://twitter.com/search?q=%23FelizDomingo,16220
2020-04-26T19:15:39Z,#FelizDomingo,http://twitter.com/search?q=%23FelizDomingo,42346
2020-04-27T01:17:35Z,#FelizDomingo,http://twitter.com/search?q=%23FelizDomingo,55924
2020-04-27T03:22:27Z,#FelizDomingo,http://twitter.com/search?q=%23FelizDomingo,58361
2020-04-27T04:22:19Z,#FelizDomingo,http://twitter.com/search?q=%23FelizDomingo,59001
2020-04-27T05:27:15Z,#FelizDomingo,http://twitter.com/search?q=%23FelizDomingo,59379
2020-04-27T06:27:14Z,#FelizDomingo,http://twitter.com/search?q=%23FelizDomingo,58973
2020-04-27T07:27:16Z,#FelizDomingo,http://twitter.com/search?q=%23FelizDomingo,57746
2020-04-27T08:27:16Z,#FelizDomingo,http://twitter.com/search?q=%23FelizDomingo,56110
2020-04-27T10:27:22Z,#FelizLunes,http://twitter.com/search?q=%23FelizLunes,19613
2020-04-27T11:27:28Z,#FelizLunes,http://twitter.com/search?q=%23FelizLunes,22661
2020-04-27T12:27:31Z,#FelizLunes,http://twitter.com/search?q=%23FelizLunes,25714
2020-04-28T11:47:33Z,#FelizMartes,http://twitter.com/search?q=%23FelizMartes,11183
2020-04-28T13:54:04Z,#FelizMartes,http://twitter.com/search?q=%23FelizMartes,18001
2020-04-29T02:07:25Z,#FelizMartes,http://twitter.com/search?q=%23FelizMartes,45151
2020-04-29T04:07:18Z,#FelizMartes,http://twitter.com/search?q=%23FelizMartes,46455
2020-04-29T05:07:19Z,#FelizMartes,http://twitter.com/search?q=%23FelizMartes,46321
2020-04-29T12:13:29Z,#FelizMiercoles,http://twitter.com/search?q=%23FelizMiercoles,12367
2020-04-29T14:18:42Z,#FelizMiercoles,http://twitter.com/search?q=%23FelizMiercoles,20204
2020-04-30T02:28:17Z,#FelizMiercoles,http://twitter.com/search?q=%23FelizMiercoles,51199
2020-04-30T04:28:13Z,#FelizMiercoles,http://twitter.com/search?q=%23FelizMiercoles,52405
2020-04-30T05:33:09Z,#FelizMiercoles,http://twitter.com/search?q=%23FelizMiercoles,52431
2020-04-30T06:33:11Z,#FelizMiercoles,http://twitter.com/search?q=%23FelizMiercoles,51556
2020-04-30T07:33:13Z,#FelizMiercoles,http://twitter.com/search?q=%23FelizMiercoles,50178
2020-04-30T08:33:14Z,#FelizMiercoles,http://twitter.com/search?q=%23FelizMiercoles,48747
2020-04-30T10:38:17Z,#FelizJueves,http://twitter.com/search?q=%23FelizJueves,10244
2020-04-30T12:38:26Z,#FelizJueves,http://twitter.com/search?q=%23FelizJueves,15685
2020-05-01T02:53:18Z,#FelizJueves,http://twitter.com/search?q=%23FelizJueves,44369
2020-05-01T04:53:14Z,#FelizJueves,http://twitter.com/search?q=%23FelizJueves,45118
2020-05-01T08:58:17Z,Feliz Día del Trabajador,http://twitter.com/search?q=%22Feliz+D%C3%ADa+del+Trabajador%22,11253
2020-05-01T17:04:16Z,#FelizDiaDelTrabajador,http://twitter.com/search?q=%23FelizDiaDelTrabajador,29795
2020-05-02T03:14:03Z,Feliz 1,http://twitter.com/search?q=%22Feliz+1%22,11107
2020-05-02T05:14:01Z,Feliz 1,http://twitter.com/search?q=%22Feliz+1%22,10565
2020-05-02T11:24:07Z,#FelizSabado,http://twitter.com/search?q=%23FelizSabado,11006
2020-05-02T12:24:10Z,#FelizSabado,http://twitter.com/search?q=%23FelizSabado,12978
2020-05-02T14:24:15Z,#FelizSabado,http://twitter.com/search?q=%23FelizSabado,19591
2020-05-02T20:34:13Z,#FelizSabado,http://twitter.com/search?q=%23FelizSabado,38355
2020-05-03T09:44:06Z,#FelizDiadeLaMadre,http://twitter.com/search?q=%23FelizDiadeLaMadre,11761
2020-05-03T10:44:08Z,#FelizDiadeLaMadre,http://twitter.com/search?q=%23FelizDiadeLaMadre,17505
2020-05-03T12:44:11Z,#FelizDiadeLaMadre,http://twitter.com/search?q=%23FelizDiadeLaMadre,27409
2020-05-03T16:49:18Z,#FelizDomingo,http://twitter.com/search?q=%23FelizDomingo,24834
2020-05-03T20:54:16Z,#FelizDiadeLaMadre,http://twitter.com/search?q=%23FelizDiadeLaMadre,48762
2020-05-03T23:54:12Z,#FelizDiadeLaMadre,http://twitter.com/search?q=%23FelizDiadeLaMadre,50833
2020-05-04T00:54:12Z,#FelizDiadeLaMadre,http://twitter.com/search?q=%23FelizDiadeLaMadre,51011
2020-05-04T01:54:24Z,#FelizDiadeLaMadre,http://twitter.com/search?q=%23FelizDiadeLaMadre,51122
2020-05-04T03:59:18Z,#FelizDiadeLaMadre,http://twitter.com/search?q=%23FelizDiadeLaMadre,51349
2020-05-04T06:59:17Z,Feliz Día de la Madre,http://twitter.com/search?q=%22Feliz+D%C3%ADa+de+la+Madre%22,33385
2020-05-04T11:04:22Z,#FelizLunes,http://twitter.com/search?q=%23FelizLunes,11822
2020-05-04T13:09:26Z,#FelizLunes,http://twitter.com/search?q=%23FelizLunes,18594
2020-05-05T03:19:24Z,#FelizLunes,http://twitter.com/search?q=%23FelizLunes,52004
2020-05-05T09:29:23Z,#FelizLunes,http://twitter.com/search?q=%23FelizLunes,46065
2020-05-05T10:24:24Z,#FelizLunes,http://twitter.com/search?q=%23FelizLunes,44032
2020-05-05T12:29:28Z,#FelizMartes,http://twitter.com/search?q=%23FelizMartes,13041
2020-05-05T19:39:34Z,#FelizMartes,http://twitter.com/search?q=%23FelizMartes,36684
2020-05-06T12:53:29Z,#FelizMiercoles,http://twitter.com/search?q=%23FelizMiercoles,14846
2020-05-07T01:03:32Z,#FelizMiercoles,http://twitter.com/search?q=%23FelizMiercoles,43792
2020-05-07T03:03:29Z,#FelizMiercoles,http://twitter.com/search?q=%23FelizMiercoles,45583
2020-05-07T11:13:32Z,#FelizJueves,http://twitter.com/search?q=%23FelizJueves,11841
2020-05-07T13:13:39Z,#FelizJueves,http://twitter.com/search?q=%23FelizJueves,17479
2020-05-07T23:23:37Z,#FelizJueves,http://twitter.com/search?q=%23FelizJueves,43127
2020-05-08T06:28:22Z,#FelizJueves,http://twitter.com/search?q=%23FelizJueves,45748
2020-05-09T05:52:07Z,#FelizViernesATodos,http://twitter.com/search?q=%23FelizViernesAtodos,14602
2020-05-09T06:52:09Z,#FelizViernesATodos,http://twitter.com/search?q=%23FelizViernesAtodos,14362
2020-05-09T07:57:11Z,#FelizViernesATodos,http://twitter.com/search?q=%23FelizViernesAtodos,13880
2020-05-09T08:57:11Z,#FelizViernesATodos,http://twitter.com/search?q=%23FelizViernesAtodos,13256
2020-05-09T12:57:22Z,#FelizSabado,http://twitter.com/search?q=%23FelizSabado,14877
2020-05-10T02:10:07Z,#FelizSabado,http://twitter.com/search?q=%23FelizSabado,47355
2020-05-10T04:14:59Z,#FelizSabado,http://twitter.com/search?q=%23FelizSabado,48814
2020-05-10T11:20:05Z,#FelizDomingo,http://twitter.com/search?q=%23FelizDomingo,10517
2020-05-10T13:25:13Z,#FelizDomingo,http://twitter.com/search?q=%23FelizDomingo,14873
2020-05-10T14:20:17Z,#FelizDomingo,http://twitter.com/search?q=%23FelizDomingo,17503
2020-05-10T15:25:21Z,#FelizDiaDeLasMadres,http://twitter.com/search?q=%23FelizDiaDeLasMadres,39205
2020-05-10T18:25:30Z,#FelizDiadeLaMadre,http://twitter.com/search?q=%23FelizDiadeLaMadre,30098
2020-05-11T10:42:29Z,#FelizLunes,http://twitter.com/search?q=%23FelizLunes,10537
2020-05-11T12:47:38Z,#FelizLunes,http://twitter.com/search?q=%23FelizLunes,16436
2020-05-11T20:52:53Z,#FelizLunes,http://twitter.com/search?q=%23FelizLunes,46572
2020-05-12T11:07:26Z,#FelizMartes,http://twitter.com/search?q=%23FelizMartes,10847
2020-05-12T13:08:04Z,#FelizMartes,http://twitter.com/search?q=%23FelizMartes,17153
2020-05-13T10:33:00Z,#FelizMiercoles,http://twitter.com/search?q=%23FelizMiercoles,10929
2020-05-13T12:33:03Z,#FelizMiercoles,http://twitter.com/search?q=%23FelizMiercoles,15850
2020-05-14T01:43:06Z,#FelizMiercoles,http://twitter.com/search?q=%23FelizMiercoles,46730
2020-05-14T03:48:01Z,#FelizMiercoles,http://twitter.com/search?q=%23FelizMiercoles,48179
2020-05-14T04:47:58Z,#FelizMiercoles,http://twitter.com/search?q=%23FelizMiercoles,48336
2020-05-16T01:31:19Z,#FelizViernesATodos,http://twitter.com/search?q=%23FelizViernesATodos,12028
2020-05-16T02:26:16Z,#FelizViernesATodos,http://twitter.com/search?q=%23FelizViernesATodos,12243
2020-05-16T03:31:15Z,#FelizViernesATodos,http://twitter.com/search?q=%23FelizViernesATodos,12411
2020-05-16T13:41:20Z,#FelizSabado,http://twitter.com/search?q=%23FelizSabado,16631
2020-05-16T23:46:21Z,#FelizSabado,http://twitter.com/search?q=%23FelizSabado,43557
2020-05-17T13:01:12Z,#FelizDomingo,http://twitter.com/search?q=%23FelizDomingo,14182
2020-05-17T15:06:27Z,#FelizDomingo,http://twitter.com/search?q=%23FelizDomingo,22874
2020-05-18T10:21:20Z,#FelizLunes,http://twitter.com/search?q=%23FelizLunes,10819
2020-05-18T12:26:25Z,#FelizLunes,http://twitter.com/search?q=%23FelizLunes,16580
2020-05-18T19:31:34Z,#FelizLunes,http://twitter.com/search?q=%23FelizLunes,60313
2020-05-19T04:41:26Z,#FelizLunes,http://twitter.com/search?q=%23FelizLunes,57319
2020-05-19T10:41:30Z,#FelizMartes,http://twitter.com/search?q=%23FelizMartes,10161
2020-05-19T12:46:35Z,#FelizMartes,http://twitter.com/search?q=%23FelizMartes,15792
2020-06-04T12:37:19Z,#FelizJueves,http://twitter.com/search?q=%23FelizJueves,14941
2020-06-06T12:32:51Z,#FelizSabado,http://twitter.com/search?q=%23FelizSabado,10344
2020-06-06T13:37:53Z,Feliz Sábado,http://twitter.com/search?q=%22Feliz+S%C3%A1bado%22,10243
2020-06-06T18:42:56Z,#FelizSabado,http://twitter.com/search?q=%23FelizSabado,31865
2020-06-06T20:43:32Z,#FelizSabado,http://twitter.com/search?q=%23FelizSabado,36105
2020-06-06T22:48:26Z,#FelizSabado,http://twitter.com/search?q=%23FelizSabado,39533
2020-06-07T01:48:19Z,#FelizSabado,http://twitter.com/search?q=%23FelizSabado,44077
2020-06-07T11:03:21Z,#FelizDomingo,http://twitter.com/search?q=%23Felizdomingo,11018
2020-06-07T12:03:23Z,#FelizDomingo,http://twitter.com/search?q=%23FelizDomingo,12691
2020-06-07T14:08:28Z,#FelizDomingo,http://twitter.com/search?q=%23FelizDomingo,19853
2020-06-07T18:18:32Z,#FelizDomingo,http://twitter.com/search?q=%23FelizDomingo,33364
2020-06-07T20:18:32Z,#FelizDomingo,http://twitter.com/search?q=%23FelizDomingo,38810
2020-06-08T09:37:50Z,#FelizLunes,http://twitter.com/search?q=%23FelizLunes,10192
2020-06-08T19:42:58Z,#FelizLunes,http://twitter.com/search?q=%23FelizLunes,46750
2020-06-09T00:55:04Z,#FelizLunes,http://twitter.com/search?q=%23FelizLunes,55668
2020-06-09T11:00:05Z,#FelizMartes,http://twitter.com/search?q=%23FelizMartes,10116
2020-06-09T13:05:09Z,#FelizMartes,http://twitter.com/search?q=%23FelizMartes,15635
2020-06-09T20:08:34Z,#FelizMartes,http://twitter.com/search?q=%23FelizMartes,37104
2020-06-10T12:23:15Z,#FelizMiercoles,http://twitter.com/search?q=%23FelizMiercoles,12992
2020-06-10T18:33:24Z,#FelizMiercoles,http://twitter.com/search?q=%23FelizMiercoles,33100
2020-06-11T12:53:41Z,#FelizJueves,http://twitter.com/search?q=%23FelizJueves,14419
2020-06-11T14:48:43Z,Felipe González,http://twitter.com/search?q=%22Felipe+Gonz%C3%A1lez%22,16235
2020-06-11T16:53:45Z,Felipe González,http://twitter.com/search?q=%22Felipe+Gonz%C3%A1lez%22,21809
2020-06-12T05:08:10Z,Felipe González,http://twitter.com/search?q=%22Felipe+Gonz%C3%A1lez%22,43936
2020-06-12T06:08:15Z,Felipe González,http://twitter.com/search?q=%22Felipe+Gonz%C3%A1lez%22,44764
2020-06-12T07:08:36Z,Felipe González,http://twitter.com/search?q=%22Felipe+Gonz%C3%A1lez%22,45742
2020-06-12T09:13:36Z,Felipe González,http://twitter.com/search?q=%22Felipe+Gonz%C3%A1lez%22,47549
2020-06-13T09:38:39Z,#FelizSabado,http://twitter.com/search?q=%23FelizSabado,10176
2020-06-13T10:33:40Z,#FelizSabado,http://twitter.com/search?q=%23FelizSabado,11974
2020-06-14T01:48:43Z,#FelizSabado,http://twitter.com/search?q=%23FelizSabado,36388
2020-06-14T12:03:43Z,#FelizDomingo,http://twitter.com/search?q=%23FelizDomingo,10508
2020-06-14T13:03:47Z,#FelizDomingo,http://twitter.com/search?q=%23FelizDomingo,12986
2020-06-14T14:08:50Z,#FelizDomingo,http://twitter.com/search?q=%23FelizDomingo,16563
2020-06-15T02:20:11Z,#FelizDomingo,http://twitter.com/search?q=%23FelizDomingo,45725
2020-06-15T13:30:36Z,#FelizLunes,http://twitter.com/search?q=%23FelizLunes,18289
2020-06-16T03:45:06Z,Felipe González,http://twitter.com/search?q=%22Felipe+Gonz%C3%A1lez%22,95862
2020-06-16T04:45:06Z,Felipe González,http://twitter.com/search?q=%22Felipe+Gonz%C3%A1lez%22,95081
2020-06-16T05:45:04Z,Felipe González,http://twitter.com/search?q=%22Felipe+Gonz%C3%A1lez%22,92990
2020-06-16T06:45:07Z,Felipe González,http://twitter.com/search?q=%22Felipe+Gonz%C3%A1lez%22,89733
2020-06-16T07:45:08Z,Felipe González,http://twitter.com/search?q=%22Felipe+Gonz%C3%A1lez%22,86206
2020-06-16T08:50:19Z,Felipe González,http://twitter.com/search?q=%22Felipe+Gonz%C3%A1lez%22,82819
2020-06-16T10:50:25Z,#FelizMartes,http://twitter.com/search?q=%23FelizMartes,10852
2020-06-16T12:50:35Z,#FelizMartes,http://twitter.com/search?q=%23FelizMartes,17370
2020-06-17T02:05:28Z,#FelizMartes,http://twitter.com/search?q=%23FelizMartes,50131
2020-06-17T11:15:29Z,#FelizMiercoles,http://twitter.com/search?q=%23FelizMiercoles,10453
2020-06-18T07:36:23Z,#FelizMiercoles,http://twitter.com/search?q=%23FelizMiercoles,49191
2020-06-18T08:41:23Z,#FelizMiercoles,http://twitter.com/search?q=%23FelizMiercoles,47901
2020-06-18T09:36:24Z,#FelizMiercoles,http://twitter.com/search?q=%23FelizMiercoles,46740
2020-06-18T11:41:31Z,#FelizJueves,http://twitter.com/search?q=%23FelizJueves,11424
2020-06-19T10:01:27Z,Felipe VI,http://twitter.com/search?q=%22Felipe+VI%22,10645
2020-06-19T11:06:27Z,Felipe VI,http://twitter.com/search?q=%22Felipe+VI%22,12414
2020-06-19T12:06:31Z,Felipe VI,http://twitter.com/search?q=%22Felipe+VI%22,13945
2020-06-20T05:21:23Z,Felipe VI,http://twitter.com/search?q=%22Felipe+VI%22,35201
2020-06-20T12:31:34Z,#FelizSabado,http://twitter.com/search?q=%23FelizSabado,12835
2020-06-20T15:31:46Z,#FelizSabado,http://twitter.com/search?q=%23FelizSabado,22886
2020-06-21T13:58:47Z,#FelizDomingo,http://twitter.com/search?q=%23FelizDomingo,13441
2020-06-21T16:58:49Z,#FelizDiaDelPadre,http://twitter.com/search?q=%23FelizDiaDelPadre,95421
2020-06-21T19:58:48Z,Felipe y Letizia,http://twitter.com/search?q=%22Felipe+y+Letizia%22,18562
2020-06-22T04:10:03Z,#FelizDomingo,http://twitter.com/search?q=%23FelizDomingo,34066
2020-06-22T05:10:03Z,Felipe y Letizia,http://twitter.com/search?q=%22Felipe+y+Letizia%22,24297
2020-06-22T06:10:05Z,#FelizDomingo,http://twitter.com/search?q=%23FelizDomingo,33852
2020-06-22T07:15:07Z,Felipe y Letizia,http://twitter.com/search?q=%22Felipe+y+Letizia%22,25700
2020-06-22T08:15:10Z,#FelizDomingo,http://twitter.com/search?q=%23FelizDomingo,32018
2020-06-22T09:15:09Z,Felipe y Letizia,http://twitter.com/search?q=%22Felipe+y+Letizia%22,26531
2020-06-22T11:15:13Z,#FelizLunes,http://twitter.com/search?q=%23FelizLunes,10454
2020-06-22T13:20:15Z,#FelizLunes,http://twitter.com/search?q=%23FelizLunes,16311
2020-06-22T15:20:15Z,#FelizLunes,http://twitter.com/search?q=%23FelizLunes,25535
2020-06-23T04:32:21Z,#FelizLunes,http://twitter.com/search?q=%23FelizLunes,56671
2020-06-23T05:37:20Z,#FelizLunes,http://twitter.com/search?q=%23FelizLunes,56034
2020-06-23T06:37:21Z,#FelizLunes,http://twitter.com/search?q=%23FelizLunes,54886
2020-06-23T07:37:23Z,#FelizLunes,http://twitter.com/search?q=%23FelizLunes,53547
2020-06-23T11:42:32Z,#FelizMartes,http://twitter.com/search?q=%23FelizMartes,10760
2020-06-23T13:47:30Z,#FelizMartes,http://twitter.com/search?q=%23FelizMartes,17851
2020-06-24T03:59:13Z,#FelizMartes,http://twitter.com/search?q=%23FelizMartes,48531
2020-06-24T12:04:16Z,#FelizMiercoles,http://twitter.com/search?q=%23FelizMiercoles,11307
2020-06-25T03:21:51Z,#FelizMiercoles,http://twitter.com/search?q=%23FelizMiercoles,48752
2020-06-25T06:26:47Z,#FelizMiercoles,http://twitter.com/search?q=%23FelizMiercoles,48631
2020-06-25T12:31:57Z,#FelizJueves,http://twitter.com/search?q=%23FelizJueves,11629
2020-06-25T14:32:14Z,#FelizJueves,http://twitter.com/search?q=%23FelizJueves,19510
2020-06-26T02:51:51Z,#FelizJueves,http://twitter.com/search?q=%23FelizJueves,50823
2020-06-26T04:47:14Z,#FelizJueves,http://twitter.com/search?q=%23FelizJueves,51943
2020-06-27T07:17:53Z,#FelizViernesATodos,http://twitter.com/search?q=%23FelizViernesATodos,19003
2020-06-27T16:28:21Z,#FelizSabado,http://twitter.com/search?q=%23FelizSabado,22264
2020-06-28T03:38:12Z,#FelizSabado,http://twitter.com/search?q=%23FelizSabado,41966
2020-06-28T12:43:19Z,#FelizDomingo,http://twitter.com/search?q=%23FelizDomingo,10461
2020-06-29T12:09:09Z,#FelizLunes,http://twitter.com/search?q=%23FelizLunes,10613
2020-06-29T15:14:13Z,#FelizLunes,http://twitter.com/search?q=%23FelizLunes,24067
2020-06-29T17:14:14Z,#FelizLunes,http://twitter.com/search?q=%23FelizLunes,32625
2020-06-30T01:19:07Z,#Felices20Flavio,http://twitter.com/search?q=%23Felices20Flavio,14162
2020-06-30T04:24:15Z,#Felices20Flavio,http://twitter.com/search?q=%23Felices20Flavio,14381
2020-06-30T05:24:13Z,#Felices20Flavio,http://twitter.com/search?q=%23Felices20Flavio,14515
2020-06-30T07:29:20Z,#FelizLunes,http://twitter.com/search?q=%23FelizLunes,49791
2020-06-30T08:29:23Z,#Felices20Flavio,http://twitter.com/search?q=%23Felices20Flavio,15115
2020-06-30T14:42:31Z,#FelizMartes,http://twitter.com/search?q=%23FelizMartes,21088
2020-07-01T02:49:21Z,#FelizMartes,http://twitter.com/search?q=%23FelizMartes,46146
2020-07-01T13:59:57Z,#FelizMiercoles,http://twitter.com/search?q=%23FelizMiercoles,18532
2020-07-01T14:59:58Z,#FelizMiercoles,http://twitter.com/search?q=%23FelizMiercoles,22759
2020-07-01T15:59:59Z,#FelizMiercoles,http://twitter.com/search?q=%23FelizMiercoles,26529
2020-07-02T06:19:45Z,#FelizMiercoles,http://twitter.com/search?q=%23FelizMiercoles,47891
2020-07-02T07:19:48Z,#FelizMiercoles,http://twitter.com/search?q=%23FelizMiercoles,46558
2020-07-02T13:25:01Z,#FelizJueves,http://twitter.com/search?q=%23FelizJueves,16031
2020-07-02T15:25:04Z,#FelizJueves,http://twitter.com/search?q=%23FelizJueves,25005
2020-07-04T13:10:42Z,#FelizSabado,http://twitter.com/search?q=%23FelizSabado,11740
2020-07-05T13:30:41Z,#FelizDomingo,http://twitter.com/search?q=%23FelizDomingo,14182
2020-07-06T03:46:05Z,#FelizDomingo,http://twitter.com/search?q=%23FelizDomingo,42512
2020-07-06T11:56:09Z,#FelizLunes,http://twitter.com/search?q=%23FelizLunes,12292
2020-07-06T15:01:16Z,#FelizLunes,http://twitter.com/search?q=%23FelizLunes,25201
2020-07-07T04:11:07Z,#FelizLunes,http://twitter.com/search?q=%23FelizLunes,52669
2020-07-07T07:16:09Z,#FelizLunes,http://twitter.com/search?q=%23FelizLunes,49473
2020-07-07T13:16:30Z,#FelizMartes,http://twitter.com/search?q=%23FelizMartes,14848
2020-07-07T15:26:48Z,#FelizMartes,http://twitter.com/search?q=%23FelizMartes,23012
2020-07-08T07:36:10Z,#FelizMartes,http://twitter.com/search?q=%23FelizMartes,41524
2020-07-08T08:41:13Z,Felipe VI,http://twitter.com/search?q=%22Felipe+VI%22,13229
2020-07-08T12:41:29Z,#FelizMiercoles,http://twitter.com/search?q=%23FelizMiercoles,13312
2020-07-08T14:46:38Z,#FelizMiercoles,http://twitter.com/search?q=%23FelizMiercoles,22120
2020-07-09T11:03:23Z,#FelizJueves,http://twitter.com/search?q=%23FelizJueves,10056
2020-07-09T12:03:26Z,#FelizJueves,http://twitter.com/search?q=%23FelizJueves,12341
2020-07-09T13:08:29Z,#FelizJueves,http://twitter.com/search?q=%23FelizJueves,15868
2020-07-09T14:08:30Z,#FelizJueves,http://twitter.com/search?q=%23FelizJueves,19806
2020-07-09T15:08:38Z,#FelizJueves,http://twitter.com/search?q=%23FelizJueves,23467
2020-07-09T16:08:33Z,#FelizJueves,http://twitter.com/search?q=%23FelizJueves,27085
2020-07-09T18:13:33Z,Felipe VI,http://twitter.com/search?q=%22Felipe+VI%22,24596
2020-07-10T02:23:24Z,#FelizJueves,http://twitter.com/search?q=%23FelizJueves,46253
2020-07-10T03:21:37Z,#FelizJueves,http://twitter.com/search?q=%23FelizJueves,47018
2020-07-10T04:21:35Z,Felipe VI,http://twitter.com/search?q=%22Felipe+VI%22,32687
2020-07-10T05:26:33Z,Felipe VI,http://twitter.com/search?q=%22Felipe+VI%22,32896
2020-07-10T06:26:33Z,#FelizJueves,http://twitter.com/search?q=%23FelizJueves,46479
2020-07-10T07:26:32Z,#FelizJueves,http://twitter.com/search?q=%23FelizJueves,44694
2020-07-11T04:46:29Z,Felipe VI,http://twitter.com/search?q=%22Felipe+VI%22,24156
2020-07-11T13:56:36Z,Feliz Sábado,http://twitter.com/search?q=%22Feliz+S%C3%A1bado%22,11100
2020-07-11T14:56:37Z,#FelizSabado,http://twitter.com/search?q=%23FelizSabado,18055
2020-07-12T04:06:28Z,#FelizSabado,http://twitter.com/search?q=%23FelizSabado,37332
2020-07-12T05:11:28Z,#FelizSabado,http://twitter.com/search?q=%23FelizSabado,37500
2020-07-12T06:11:26Z,#FelizSabado,http://twitter.com/search?q=%23FelizSabado,36925
2020-07-12T07:11:26Z,#FelizSabado,http://twitter.com/search?q=%23FelizSabado,35700
2020-07-12T08:11:22Z,#FelizSabado,http://twitter.com/search?q=%23FelizSabado,34628
2020-07-12T09:16:25Z,#FelizSabado,http://twitter.com/search?q=%23FelizSabado,33587
2020-07-12T13:16:34Z,#FelizDomingo,http://twitter.com/search?q=%23FelizDomingo,13040
2020-07-12T15:16:35Z,#FelizDomingo,http://twitter.com/search?q=%23FelizDomingo,20068
2020-07-13T13:41:39Z,#FelizLunes,http://twitter.com/search?q=%23FelizLunes,17245
2020-07-13T15:41:39Z,#FelizLunes,http://twitter.com/search?q=%23FelizLunes,25932
2020-07-14T02:51:27Z,#FelizLunes,http://twitter.com/search?q=%23FelizLunes,49337
2020-07-14T13:01:38Z,#FelizMartes,http://twitter.com/search?q=%23FelizMartes,14017
2020-07-14T15:07:58Z,#FelizMartes,http://twitter.com/search?q=%23FelizMartes,21908
2020-07-15T02:22:36Z,#FelizMartes,http://twitter.com/search?q=%23FelizMartes,43985
2020-07-15T13:27:42Z,#FelizMiercoles,http://twitter.com/search?q=%23FelizMiercoles,15874
2020-07-15T15:32:45Z,#FelizMiercoles,http://twitter.com/search?q=%23FelizMiercoles,24505
2020-07-15T17:32:48Z,#FelizMiercoles,http://twitter.com/search?q=%23FelizMiercoles,31062
2020-07-16T13:52:57Z,#FelizJueves,http://twitter.com/search?q=%23FelizJueves,15982
2020-07-17T05:07:46Z,#FelizJueves,http://twitter.com/search?q=%23FelizJueves,40644
2020-07-17T10:12:56Z,Felipe González,http://twitter.com/search?q=%22Felipe+Gonz%C3%A1lez%22,12757
2020-07-17T11:17:54Z,Felipe González,http://twitter.com/search?q=%22Felipe+Gonz%C3%A1lez%22,13467
2020-07-17T12:17:57Z,Felipe González,http://twitter.com/search?q=%22Felipe+Gonz%C3%A1lez%22,14215
2020-07-17T13:18:00Z,Felipe González,http://twitter.com/search?q=%22Felipe+Gonz%C3%A1lez%22,14758
2020-07-17T19:23:06Z,#FelizViernesATodos,http://twitter.com/search?q=%23FelizViernesATodos,10730
2020-07-18T03:32:49Z,#FelizViernesATodos,http://twitter.com/search?q=%23FelizViernesATodos,15184
2020-07-18T04:32:47Z,#FelizViernesATodos,http://twitter.com/search?q=%23FelizViernesATodos,15451
2020-07-18T05:32:46Z,Felipe González,http://twitter.com/search?q=%22Felipe+Gonz%C3%A1lez%22,20402
2020-07-18T06:32:45Z,#FelizViernesATodos,http://twitter.com/search?q=%23FelizViernesATodos,15492
2020-07-18T07:32:46Z,Felipe González,http://twitter.com/search?q=%22Felipe+Gonz%C3%A1lez%22,21722
2020-07-18T08:32:47Z,Felipe González,http://twitter.com/search?q=%22Felipe+Gonz%C3%A1lez%22,23277
2020-07-18T10:37:49Z,Felipe González,http://twitter.com/search?q=%22Felipe+Gonz%C3%A1lez%22,24905
2020-07-18T12:37:53Z,#FelizAlzamiento,http://twitter.com/search?q=%23FelizAlzamiento,11600
2020-07-18T13:43:23Z,#FelizAlzamiento,http://twitter.com/search?q=%23FelizAlzamiento,13491
2020-07-18T14:43:26Z,#FelizAlzamiento,http://twitter.com/search?q=%23FelizAlzamiento,15046
2020-07-18T15:43:26Z,#FelizAlzamiento,http://twitter.com/search?q=%23FelizAlzamiento,16317
2020-07-18T16:43:27Z,#FelizAlzamiento,http://twitter.com/search?q=%23FelizAlzamiento,17297
2020-07-18T17:43:28Z,#FelizAlzamiento,http://twitter.com/search?q=%23FelizAlzamiento,18101
2020-07-19T01:53:21Z,#FelizAlzamiento,http://twitter.com/search?q=%23FelizAlzamiento,18840
2020-07-19T02:53:19Z,#FelizAlzamiento,http://twitter.com/search?q=%23FelizAlzamiento,18797
2020-07-19T03:53:17Z,#FelizAlzamiento,http://twitter.com/search?q=%23FelizAlzamiento,18787
2020-07-19T04:53:16Z,#FelizAlzamiento,http://twitter.com/search?q=%23FelizAlzamiento,18776
2020-07-19T07:58:19Z,#FelizAlzamiento,http://twitter.com/search?q=%23FelizAlzamiento,18046
2020-07-19T08:58:20Z,#FelizAlzamiento,http://twitter.com/search?q=%23FelizAlzamiento,16802
2020-07-19T13:03:25Z,#FelizDomingo,http://twitter.com/search?q=%23FelizDomingo,11380
2020-07-19T15:03:31Z,#FelizDomingo,http://twitter.com/search?q=%23FelizDomingo,18392
2020-07-20T04:18:19Z,#FelizDomingo,http://twitter.com/search?q=%23FelizDomingo,45890
2020-07-20T14:28:43Z,#FelizLunes,http://twitter.com/search?q=%23FelizLunes,20111
2020-07-21T02:38:39Z,#FelizLunes,http://twitter.com/search?q=%23FelizLunes,47839
2020-07-21T07:43:39Z,#FelizLunes,http://twitter.com/search?q=%23FelizLunes,46640
2020-07-21T12:48:46Z,#FelizMartes,http://twitter.com/search?q=%23FelizMartes,12606
2020-07-21T14:48:46Z,#FelizMartes,http://twitter.com/search?q=%23FelizMartes,19768
2020-07-22T03:04:53Z,#FelizMartes,http://twitter.com/search?q=%23FelizMartes,42740
2020-07-22T12:14:54Z,#FelizMiercoles,http://twitter.com/search?q=%23FelizMiercoles,12101
2020-07-22T14:15:01Z,#FelizMiercoles,http://twitter.com/search?q=%23FelizMiercoles,20029
2020-07-23T00:24:54Z,#YaSobrasFelipeVI,http://twitter.com/search?q=%23YaSobrasFelipeVI,10044
2020-07-23T03:29:50Z,#FelizMiercoles,http://twitter.com/search?q=%23FelizMiercoles,44158
2020-07-23T04:29:50Z,#YaSobrasFelipeVI,http://twitter.com/search?q=%23YaSobrasFelipeVI,10336
2020-07-23T05:29:48Z,#FelizMiercoles,http://twitter.com/search?q=%23FelizMiercoles,44003
2020-07-23T06:34:57Z,#FelizMiercoles,http://twitter.com/search?q=%23FelizMiercoles,42907
2020-07-23T07:34:58Z,#FelizMiercoles,http://twitter.com/search?q=%23FelizMiercoles,41477
2020-07-23T12:35:06Z,#FelizJueves,http://twitter.com/search?q=%23FelizJueves,12544
2020-07-23T14:40:09Z,#FelizJueves,http://twitter.com/search?q=%23FelizJueves,20305
2020-07-25T15:26:25Z,#FelizSabado,http://twitter.com/search?q=%23FelizSabado,19287
2020-07-25T16:26:27Z,#FelizSabado,http://twitter.com/search?q=%23FelizSabado,23059
2020-07-25T18:26:27Z,#FelizSabado,http://twitter.com/search?q=%23FelizSabado,28712
2020-07-26T03:32:31Z,#FelizSabado,http://twitter.com/search?q=%23FelizSabado,40945
2020-07-27T04:02:48Z,#FelizDomingo,http://twitter.com/search?q=%23FelizDomingo,38956
2020-07-27T13:07:59Z,#FelizLunes,http://twitter.com/search?q=%23FelizLunes,14406
2020-07-27T14:08:02Z,#FelizLunes,http://twitter.com/search?q=%23FelizLunes,18636
2020-07-28T01:19:57Z,#FelizLunes,http://twitter.com/search?q=%23FelizLunes,45000
2020-07-28T03:24:52Z,#FelizLunes,http://twitter.com/search?q=%23FelizLunes,46813
2020-07-28T11:29:32Z,#FelizMartes,http://twitter.com/search?q=%23FelizMartes,10042
2020-07-28T13:31:00Z,#FelizMartes,http://twitter.com/search?q=%23FelizMartes,16038
2020-06-03T10:16:27Z,#FelizMiercoles,http://twitter.com/search?q=%23FelizMiercoles,11175
2020-06-03T10:16:27Z,#FelizMiercoles,http://twitter.com/search?q=%23FelizMiercoles,11175
2020-06-03T11:16:30Z,#FelizMiercoles,http://twitter.com/search?q=%23FelizMiercoles,13014
2020-06-03T13:16:37Z,#FelizMiercoles,http://twitter.com/search?q=%23FelizMiercoles,19485
2020-06-04T11:37:10Z,#FelizJueves,http://twitter.com/search?q=%23FelizJueves,12095
2020-06-04T13:42:49Z,#FelizJueves,http://twitter.com/search?q=%23FelizJueves,18838
2020-06-04T19:47:30Z,#FelizJueves,http://twitter.com/search?q=%23FelizJueves,40814
2020-06-05T08:57:00Z,#FelizJueves,http://twitter.com/search?q=%23FelizJueves,47070
2020-06-06T13:37:53Z,#FelizSabado,http://twitter.com/search?q=%23FelizSabado,14083
2020-06-06T14:42:53Z,#FelizSabado,http://twitter.com/search?q=%23FelizSabado,18070
2020-06-06T19:43:30Z,#FelizSabado,http://twitter.com/search?q=%23FelizSabado,34203
2020-06-06T21:43:29Z,#FelizSabado,http://twitter.com/search?q=%23FelizSabado,38047
2020-06-07T00:53:18Z,#FelizSabado,http://twitter.com/search?q=%23FelizSabado,43170
2020-06-07T07:58:17Z,#FelizSabado,http://twitter.com/search?q=%23FelizSabado,44760
2020-06-07T09:03:17Z,#FelizSabado,http://twitter.com/search?q=%23FelizSabado,42408
2020-06-07T10:03:18Z,#FelizSabado,http://twitter.com/search?q=%23FelizSabado,41269
2020-06-07T11:03:21Z,#FelizSabado,http://twitter.com/search?q=%23FelizSabado,39509
2020-06-07T13:08:26Z,#FelizDomingo,http://twitter.com/search?q=%23FelizDomingo,15843
2020-06-07T17:13:32Z,#FelizDomingo,http://twitter.com/search?q=%23FelizDomingo,30168
2020-06-07T19:18:33Z,#FelizDomingo,http://twitter.com/search?q=%23FelizDomingo,36283
2020-06-08T11:37:52Z,#FelizLunes,http://twitter.com/search?q=%23FelizLunes,14854
2020-06-08T13:37:56Z,#FelizLunes,http://twitter.com/search?q=%23FelizLunes,22384
2020-06-08T20:48:01Z,#FelizLunes,http://twitter.com/search?q=%23FelizLunes,49251
2020-06-09T12:00:06Z,#FelizMartes,http://twitter.com/search?q=%23FelizMartes,12420
2020-06-09T19:08:33Z,#FelizMartes,http://twitter.com/search?q=%23FelizMartes,35032
2020-06-10T00:13:11Z,#FelizMartes,http://twitter.com/search?q=%23FelizMartes,42454
2020-06-10T05:17:46Z,#FelizMartes,http://twitter.com/search?q=%23FelizMartes,45775
2020-06-10T06:17:49Z,#FelizMartes,http://twitter.com/search?q=%23FelizMartes,44703
2020-06-10T09:22:53Z,#FelizMartes,http://twitter.com/search?q=%23FelizMartes,40796
2020-06-10T11:23:05Z,#FelizMiercoles,http://twitter.com/search?q=%23FelizMiercoles,10521
2020-06-10T13:28:18Z,#FelizMiercoles,http://twitter.com/search?q=%23FelizMiercoles,16721
2020-06-10T19:33:24Z,#FelizMiercoles,http://twitter.com/search?q=%23FelizMiercoles,35552
2020-06-11T06:43:36Z,#FelizMiercoles,http://twitter.com/search?q=%23FelizMiercoles,45370
2020-06-11T07:43:36Z,#FelizMiercoles,http://twitter.com/search?q=%23FelizMiercoles,43962
2020-06-11T08:48:39Z,#FelizMiercoles,http://twitter.com/search?q=%23FelizMiercoles,42713
2020-06-11T13:48:43Z,Felipe González,http://twitter.com/search?q=%22Felipe+Gonz%C3%A1lez%22,12938
2020-06-11T15:53:44Z,Felipe González,http://twitter.com/search?q=%22Felipe+Gonz%C3%A1lez%22,19344
2020-06-12T04:08:35Z,Felipe González,http://twitter.com/search?q=%22Felipe+Gonz%C3%A1lez%22,43289
2020-06-12T06:08:15Z,#FelizJueves,http://twitter.com/search?q=%23FelizJueves,45009
2020-06-12T07:08:36Z,#FelizJueves,http://twitter.com/search?q=%23FelizJueves,43546
2020-06-12T08:13:36Z,Felipe González,http://twitter.com/search?q=%22Felipe+Gonz%C3%A1lez%22,46978
2020-06-13T02:28:39Z,Felipe González,http://twitter.com/search?q=%22Felipe+Gonz%C3%A1lez%22,22811
2020-06-13T05:33:38Z,Felipe González,http://twitter.com/search?q=%22Felipe+Gonz%C3%A1lez%22,21487
2020-06-13T06:33:40Z,Felipe González,http://twitter.com/search?q=%22Felipe+Gonz%C3%A1lez%22,20759
2020-06-13T07:33:39Z,Felipe González,http://twitter.com/search?q=%22Felipe+Gonz%C3%A1lez%22,19915
2020-06-13T08:33:39Z,Felipe González,http://twitter.com/search?q=%22Felipe+Gonz%C3%A1lez%22,19122
2020-06-13T09:38:39Z,Felipe González,http://twitter.com/search?q=%22Felipe+Gonz%C3%A1lez%22,18423
2020-06-13T11:38:42Z,#FelizSabado,http://twitter.com/search?q=%23FelizSabado,14573
2020-06-13T13:43:49Z,#FelizSabado,http://twitter.com/search?q=%23FelizS%C3%A1bado,18692
2020-06-14T06:53:37Z,#FelizSabado,http://twitter.com/search?q=%23FelizSabado,36580
2020-06-15T01:20:12Z,#FelizDomingo,http://twitter.com/search?q=%23FelizDomingo,44718
2020-06-15T03:20:05Z,#FelizDomingo,http://twitter.com/search?q=%23FelizDomingo,46577
2020-06-15T04:20:05Z,#FelizDomingo,http://twitter.com/search?q=%23FelizDomingo,47333
2020-06-15T11:25:17Z,#FelizLunes,http://twitter.com/search?q=%23FelizLunes,11620
2020-06-15T12:30:21Z,#FelizLunes,http://twitter.com/search?q=%23FelizLunes,14513
2020-06-16T02:45:17Z,Felipe González,http://twitter.com/search?q=%22Felipe+Gonz%C3%A1lez%22,96178
2020-06-16T08:50:19Z,#FelizLunes,http://twitter.com/search?q=%23FelizLunes,48163
2020-06-16T09:50:23Z,#FelizLunes,http://twitter.com/search?q=%23FelizLunes,47037
2020-06-16T11:55:30Z,#FelizMartes,http://twitter.com/search?q=%23FelizMartes,13911
2020-06-17T01:05:34Z,#FelizMartes,http://twitter.com/search?q=%23FelizMartes,49161
2020-06-17T03:05:25Z,#FelizMartes,http://twitter.com/search?q=%23FelizMartes,50807
2020-06-17T07:10:29Z,#FelizMartes,http://twitter.com/search?q=%23FelizMartes,48164
2020-06-17T08:15:27Z,#FelizMartes,http://twitter.com/search?q=%23FelizMartes,46790
2020-06-17T13:15:37Z,#FelizMiercoles,http://twitter.com/search?q=%23FelizMiercoles,16801
2020-06-18T12:41:36Z,#FelizJueves,http://twitter.com/search?q=%23FelizJueves,14789
2020-06-19T13:06:32Z,Felipe VI,http://twitter.com/search?q=%22Felipe+VI%22,15484
2020-06-19T14:11:35Z,Felipe VI,http://twitter.com/search?q=%22Felipe+VI%22,17642
2020-06-19T16:11:39Z,Felipe VI,http://twitter.com/search?q=%22Felipe+VI%22,22866
2020-06-20T06:26:23Z,Felipe VI,http://twitter.com/search?q=%22Felipe+VI%22,34751
2020-06-20T07:21:25Z,Felipe VI,http://twitter.com/search?q=%22Felipe+VI%22,34151
2020-06-20T13:31:35Z,#FelizSabado,http://twitter.com/search?q=%23FelizSabado,15586
2020-06-20T16:31:41Z,#FelizSabado,http://twitter.com/search?q=%23FelizSabado,26525
2020-06-21T12:53:44Z,#FelizDomingo,http://twitter.com/search?q=%23FelizDomingo,10881
2020-06-21T14:58:47Z,#FelizDomingo,http://twitter.com/search?q=%23FelizDomingo,16132
2020-06-21T17:58:50Z,Felipe y Letizia,http://twitter.com/search?q=%22Felipe+y+Letizia%22,15743
2020-06-22T03:10:04Z,#FelizDomingo,http://twitter.com/search?q=%23FelizDomingo,33516
2020-06-22T05:10:03Z,#FelizDomingo,http://twitter.com/search?q=%23FelizDomingo,34177
2020-06-22T06:10:05Z,Felipe y Letizia,http://twitter.com/search?q=%22Felipe+y+Letizia%22,24776
2020-06-22T07:15:07Z,#FelizDomingo,http://twitter.com/search?q=%23FelizDomingo,33073
2020-06-22T08:15:10Z,Felipe y Letizia,http://twitter.com/search?q=%22Felipe+y+Letizia%22,26369
2020-06-22T12:20:11Z,#FelizLunes,http://twitter.com/search?q=%23FelizLunes,12881
2020-06-22T14:22:29Z,#FelizLunes,http://twitter.com/search?q=%23FelizLunes,21023
2020-06-23T12:47:31Z,#FelizMartes,http://twitter.com/search?q=%23FelizMartes,13706
2020-06-24T02:59:07Z,#FelizMartes,http://twitter.com/search?q=%23FelizMartes,47929
2020-06-24T13:09:20Z,#FelizMiercoles,http://twitter.com/search?q=%23FelizMiercoles,14569
2020-06-25T02:21:52Z,#FelizMiercoles,http://twitter.com/search?q=%23FelizMiercoles,48074
2020-06-25T04:21:47Z,#FelizMiercoles,http://twitter.com/search?q=%23FelizMiercoles,49308
2020-06-25T05:26:46Z,#FelizMiercoles,http://twitter.com/search?q=%23FelizMiercoles,49326
2020-06-25T13:37:13Z,#FelizJueves,http://twitter.com/search?q=%23FelizJueves,15617
2020-06-25T15:32:02Z,#FelizJueves,http://twitter.com/search?q=%23FelizJueves,23382
2020-06-26T03:47:16Z,#FelizJueves,http://twitter.com/search?q=%23FelizJueves,51496
2020-06-27T15:23:22Z,#FelizSabado,http://twitter.com/search?q=%23FelizSabado,18655
2020-06-28T02:38:14Z,#FelizSabado,http://twitter.com/search?q=%23FelizSabado,41309
2020-06-28T13:48:21Z,#FelizDomingo,http://twitter.com/search?q=%23FelizDomingo,13841
2020-06-29T13:09:11Z,#FelizLunes,http://twitter.com/search?q=%23FelizLunes,14023
2020-06-29T14:09:13Z,#FelizLunes,http://twitter.com/search?q=%23FelizLunes,18483
2020-06-29T16:14:13Z,#FelizLunes,http://twitter.com/search?q=%23FelizLunes,28551
2020-06-30T00:24:09Z,#Felices20Flavio,http://twitter.com/search?q=%23Felices20Flavio,13930
2020-06-30T03:24:05Z,#Felices20Flavio,http://twitter.com/search?q=%23Felices20Flavio,14319
2020-06-30T06:29:18Z,#Felices20Flavio,http://twitter.com/search?q=%23Felices20Flavio,14596
2020-06-30T07:29:20Z,#Felices20Flavio,http://twitter.com/search?q=%23Felices20Flavio,14823
2020-06-30T13:37:05Z,#FelizMartes,http://twitter.com/search?q=%23FelizMartes,16535
2020-06-30T15:39:35Z,#FelizMartes,http://twitter.com/search?q=%23FelizMartes,24592
2020-07-01T03:54:16Z,#FelizMartes,http://twitter.com/search?q=%23FelizMartes,46876
2020-07-01T04:49:16Z,#FelizMartes,http://twitter.com/search?q=%23FelizMartes,47177
2020-07-01T05:54:17Z,#FelizMartes,http://twitter.com/search?q=%23FelizMartes,47034
2020-07-01T06:54:23Z,#FelizMartes,http://twitter.com/search?q=%23FelizMartes,46010
2020-07-01T11:59:51Z,#FelizMiercoles,http://twitter.com/search?q=%23FelizMiercoles,10894
2020-07-02T12:19:59Z,#FelizJueves,http://twitter.com/search?q=%23FelizJueves,12066
2020-07-02T14:25:03Z,#FelizJueves,http://twitter.com/search?q=%23FelizJueves,20744
2020-07-03T02:35:20Z,#FelizJueves,http://twitter.com/search?q=%23FelizJueves,46990
2020-07-04T15:10:43Z,#FelizSabado,http://twitter.com/search?q=%23FelizSabado,18726
2020-07-05T03:25:35Z,#Felices24Sofia,http://twitter.com/search?q=%23Felices24Sofia,10050
2020-07-05T12:30:39Z,#FelizDomingo,http://twitter.com/search?q=%23FelizDomingo,11437
2020-07-06T02:46:08Z,#FelizDomingo,http://twitter.com/search?q=%23FelizDomingo,41956
2020-07-06T10:56:08Z,#FelizLunes,http://twitter.com/search?q=%23FelizLunes,10033
2020-07-06T12:56:12Z,#FelizLunes,http://twitter.com/search?q=%23FelizLunes,15641
2020-07-07T12:21:26Z,#FelizMartes,http://twitter.com/search?q=%23FelizMartes,11838
2020-07-07T14:21:56Z,#FelizMartes,http://twitter.com/search?q=%23FelizMartes,19124
2020-07-08T04:36:09Z,#FelizMartes,http://twitter.com/search?q=%23FelizMartes,44350
2020-07-08T05:36:07Z,#FelizMartes,http://twitter.com/search?q=%23FelizMartes,44036
2020-07-08T11:46:21Z,#FelizMiercoles,http://twitter.com/search?q=%23FelizMiercoles,10614
2020-07-08T13:46:31Z,#FelizMiercoles,http://twitter.com/search?q=%23FelizMiercoles,17786
2020-07-09T06:58:15Z,#FelizMiercoles,http://twitter.com/search?q=%23FelizMiercoles,46957
2020-07-09T08:03:15Z,#FelizMiercoles,http://twitter.com/search?q=%23FelizMiercoles,44366
2020-07-09T09:03:18Z,Felipe VI,http://twitter.com/search?q=%22Felipe+VI%22,10351
2020-07-09T10:03:20Z,Felipe VI,http://twitter.com/search?q=%22Felipe+VI%22,11360
2020-07-09T11:03:23Z,Felipe VI,http://twitter.com/search?q=%22Felipe+VI%22,12453
2020-07-09T12:03:26Z,Felipe VI,http://twitter.com/search?q=%22Felipe+VI%22,13743
2020-07-09T13:08:29Z,Felipe VI,http://twitter.com/search?q=%22Felipe+VI%22,15190
2020-07-09T15:08:38Z,Felipe VI,http://twitter.com/search?q=%22Felipe+VI%22,18503
2020-07-09T16:08:33Z,Felipe VI,http://twitter.com/search?q=%22Felipe+VI%22,20713
2020-07-09T17:08:34Z,Felipe VI,http://twitter.com/search?q=%22Felipe+VI%22,22744
2020-07-10T02:23:24Z,Felipe VI,http://twitter.com/search?q=%22Felipe+VI%22,32539
2020-07-10T03:21:37Z,Felipe VI,http://twitter.com/search?q=%22Felipe+VI%22,32606
2020-07-10T04:21:35Z,#FelizJueves,http://twitter.com/search?q=%23FelizJueves,47542
2020-07-10T05:26:33Z,#FelizJueves,http://twitter.com/search?q=%23FelizJueves,47396
2020-07-10T06:26:33Z,Felipe VI,http://twitter.com/search?q=%22Felipe+VI%22,33712
2020-07-10T07:26:32Z,Felipe VI,http://twitter.com/search?q=%22Felipe+VI%22,34580
2020-07-11T02:41:31Z,Felipe VI,http://twitter.com/search?q=%22Felipe+VI%22,24385
2020-07-11T12:51:36Z,#FelizSabado,http://twitter.com/search?q=%23FelizSabado,11492
2020-07-11T13:56:36Z,#FelizSabado,http://twitter.com/search?q=%23FelizSabado,14793
2020-07-12T03:06:30Z,#FelizSabado,http://twitter.com/search?q=%23FelizSabado,36973
2020-07-12T12:16:29Z,#FelizDomingo,http://twitter.com/search?q=%23FelizDomingo,10426
2020-07-12T14:16:34Z,#FelizDomingo,http://twitter.com/search?q=%23FelizDomingo,16381
2020-07-13T12:41:37Z,#FelizLunes,http://twitter.com/search?q=%23FelizLunes,13075
2020-07-13T14:41:39Z,#FelizLunes,http://twitter.com/search?q=%23FelizLunes,21455
2020-07-14T01:56:28Z,#FelizLunes,http://twitter.com/search?q=%23FelizLunes,48326
2020-07-14T03:56:26Z,#FelizLunes,http://twitter.com/search?q=%23FelizLunes,50056
2020-07-14T12:06:34Z,#FelizMartes,http://twitter.com/search?q=%23FelizMartes,11253
2020-07-14T14:06:43Z,#FelizMartes,http://twitter.com/search?q=%23FelizMartes,17970
2020-07-14T16:07:45Z,#FelizMartes,http://twitter.com/search?q=%23FelizMartes,25405
2020-07-15T03:17:30Z,#FelizMartes,http://twitter.com/search?q=%23FelizMartes,44671
2020-07-15T12:27:39Z,#FelizMiercoles,http://twitter.com/search?q=%23FelizMiercoles,12093
2020-07-15T14:32:44Z,#FelizMiercoles,http://twitter.com/search?q=%23FelizMiercoles,20448
2020-07-15T16:27:46Z,#FelizMiercoles,http://twitter.com/search?q=%23FelizMiercoles,27772
2020-07-16T01:37:34Z,#FelizMiercoles,http://twitter.com/search?q=%23FelizMiercoles,44364
2020-07-16T12:52:53Z,#FelizJueves,http://twitter.com/search?q=%23FelizJueves,12640
2020-07-16T14:57:59Z,#FelizJueves,http://twitter.com/search?q=%23FelizJueves,19755
2020-07-17T04:07:47Z,#FelizJueves,http://twitter.com/search?q=%23FelizJueves,40911
2020-07-17T14:18:02Z,Felipe González,http://twitter.com/search?q=%22Felipe+Gonz%C3%A1lez%22,15408
2020-07-17T15:18:06Z,Felipe González,http://twitter.com/search?q=%22Felipe+Gonz%C3%A1lez%22,15934
2020-07-17T16:23:07Z,Felipe González,http://twitter.com/search?q=%22Felipe+Gonz%C3%A1lez%22,16834
2020-07-17T17:23:10Z,Felipe González,http://twitter.com/search?q=%22Felipe+Gonz%C3%A1lez%22,17571
2020-07-17T18:23:09Z,Felipe González,http://twitter.com/search?q=%22Felipe+Gonz%C3%A1lez%22,18007
2020-07-17T19:23:06Z,Felipe González,http://twitter.com/search?q=%22Felipe+Gonz%C3%A1lez%22,18483
2020-07-18T02:27:50Z,Felipe González,http://twitter.com/search?q=%22Felipe+Gonz%C3%A1lez%22,20404
2020-07-18T05:32:46Z,#FelizViernesATodos,http://twitter.com/search?q=%23FelizViernesATodos,15555
2020-07-18T06:32:45Z,Felipe González,http://twitter.com/search?q=%22Felipe+Gonz%C3%A1lez%22,20548
2020-07-18T07:32:46Z,#FelizViernesATodos,http://twitter.com/search?q=%23FelizViernesATodos,15334
2020-07-18T09:37:49Z,Felipe González,http://twitter.com/search?q=%22Felipe+Gonz%C3%A1lez%22,24629
2020-07-18T12:37:53Z,#FelizSabado,http://twitter.com/search?q=%23FelizSabado,10456
2020-07-18T13:43:23Z,#FelizSabado,http://twitter.com/search?q=%23FelizSabado,14230
2020-07-18T14:43:26Z,#FelizSabado,http://twitter.com/search?q=%23FelizSabado,18036
2020-07-18T15:43:26Z,#FelizSabado,http://twitter.com/search?q=%23FelizSabado,21980
2020-07-18T16:43:27Z,#FelizSabado,http://twitter.com/search?q=%23FelizSabado,24900
2020-07-18T17:43:28Z,#FelizSabado,http://twitter.com/search?q=%23FelizSabado,27988
2020-07-18T18:48:29Z,#FelizAlzamiento,http://twitter.com/search?q=%23FelizAlzamiento,18909
2020-07-18T19:43:29Z,#FelizAlzamiento,http://twitter.com/search?q=%23FelizAlzamiento,19254
2020-07-19T01:53:21Z,#FelizSabado,http://twitter.com/search?q=%23FelizSabado,44604
2020-07-19T02:53:19Z,#FelizSabado,http://twitter.com/search?q=%23FelizSabado,45589
2020-07-19T03:53:17Z,#FelizSabado,http://twitter.com/search?q=%23FelizSabado,46368
2020-07-19T14:03:27Z,#FelizDomingo,http://twitter.com/search?q=%23FelizDomingo,14490
2020-07-20T03:13:21Z,#FelizDomingo,http://twitter.com/search?q=%23FelizDomingo,45296
2020-07-20T06:23:20Z,#FelizDomingo,http://twitter.com/search?q=%23FelizDomingo,45605
2020-07-20T12:23:29Z,#FelizLunes,http://twitter.com/search?q=%23FelizLunes,11956
2020-07-20T13:23:31Z,#FelizLunes,http://twitter.com/search?q=%23FelizLunes,15661
2020-07-20T15:28:42Z,#FelizLunes,http://twitter.com/search?q=%23FelizLunes,23981
2020-07-21T03:43:38Z,#FelizLunes,http://twitter.com/search?q=%23FelizLunes,48644
2020-07-21T09:48:42Z,#FelizLunes,http://twitter.com/search?q=%23FelizLunes,44100
2020-07-21T13:48:46Z,#FelizMartes,http://twitter.com/search?q=%23FelizMartes,16240
2020-07-21T15:48:39Z,#FelizMartes,http://twitter.com/search?q=%23FelizMartes,23166
2020-07-22T04:04:49Z,#FelizMartes,http://twitter.com/search?q=%23FelizMartes,43069
2020-07-22T05:04:49Z,#FelizMartes,http://twitter.com/search?q=%23FelizMartes,42858
2020-07-22T06:04:47Z,#FelizMartes,http://twitter.com/search?q=%23FelizMartes,41988
2020-07-22T07:09:47Z,#FelizMartes,http://twitter.com/search?q=%23FelizMartes,40830
2020-07-22T08:09:45Z,#FelizMartes,http://twitter.com/search?q=%23FelizMartes,39549
2020-07-22T09:09:49Z,#FelizMartes,http://twitter.com/search?q=%23FelizMartes,38609
2020-07-22T13:14:57Z,#FelizMiercoles,http://twitter.com/search?q=%23FelizMiercoles,15824
2020-07-22T15:20:04Z,#FelizMiercoles,http://twitter.com/search?q=%23FelizMiercoles,24215
2020-07-23T02:24:53Z,#YaSobrasFelipeVI,http://twitter.com/search?q=%23YaSobrasFelipeVI,10205
2020-07-23T03:29:50Z,#YaSobrasFelipeVI,http://twitter.com/search?q=%23YaSobrasFelipeVI,10253
2020-07-23T04:29:50Z,#FelizMiercoles,http://twitter.com/search?q=%23FelizMiercoles,44344
2020-07-23T05:29:48Z,#YaSobrasFelipeVI,http://twitter.com/search?q=%23YaSobrasFelipeVI,10594
2020-07-23T06:34:57Z,#YaSobrasFelipeVI,http://twitter.com/search?q=%23YaSobrasFelipeVI,10875
2020-07-23T07:34:58Z,#YaSobrasFelipeVI,http://twitter.com/search?q=%23YaSobrasFelipeVI,11211
2020-07-23T13:40:07Z,#FelizJueves,http://twitter.com/search?q=%23FelizJueves,16351
2020-07-23T15:40:10Z,#FelizJueves,http://twitter.com/search?q=%23FelizJueves,24108
2020-07-25T13:21:22Z,#FelizSabado,http://twitter.com/search?q=%23FelizSabado,11567
2020-07-25T14:21:24Z,#FelizSabado,http://twitter.com/search?q=%23FelizSabado,15076
2020-07-25T17:26:27Z,#FelizSabado,http://twitter.com/search?q=%23FelizSabado,26099
2020-07-26T02:37:32Z,#FelizSabado,http://twitter.com/search?q=%23FelizSabado,40413
2020-07-26T04:37:26Z,#FelizSabado,http://twitter.com/search?q=%23FelizSabado,41308
2020-07-26T05:37:24Z,#FelizSabado,http://twitter.com/search?q=%23FelizSabado,41365
2020-07-26T06:37:24Z,#FelizSabado,http://twitter.com/search?q=%23FelizSabado,41011
2020-07-26T07:37:25Z,#FelizSabado,http://twitter.com/search?q=%23FelizSabado,40098
2020-07-26T12:47:44Z,#FelizDomingo,http://twitter.com/search?q=%23FelizDomingo,10806
2020-07-27T02:57:49Z,#FelizDomingo,http://twitter.com/search?q=%23FelizDomingo,38638
2020-07-27T10:07:50Z,#FelizDomingo,http://twitter.com/search?q=%23FelizDomingo,33841
2020-07-27T12:07:56Z,#FelizLunes,http://twitter.com/search?q=%23FelizLunes,10900
2020-07-27T15:13:03Z,#FelizLunes,http://twitter.com/search?q=%23FelizLunes,23341
2020-07-28T02:19:54Z,#FelizLunes,http://twitter.com/search?q=%23FelizLunes,45928
2020-07-28T12:29:34Z,#FelizMartes,http://twitter.com/search?q=%23FelizMartes,12652
2020-07-28T14:31:18Z,#FelizMartes,http://twitter.com/search?q=%23FelizMartes,19609
2020-07-29T04:04:28Z,#FelizMartes,http://twitter.com/search?q=%23FelizMartes,41752
2020-09-23T20:20:19Z,#FelizMiercoles,http://twitter.com/search?q=%23FelizMiercoles,40802
2020-09-23T23:21:57Z,Felipe González,http://twitter.com/search?q=%22Felipe+Gonz%C3%A1lez%22,11123
2020-09-24T01:26:51Z,Felipe González,http://twitter.com/search?q=%22Felipe+Gonz%C3%A1lez%22,12407
2020-09-24T02:31:48Z,#FelizMiercoles,http://twitter.com/search?q=%23FelizMiercoles,47771
2020-09-24T04:31:54Z,Felipe González,http://twitter.com/search?q=%22Felipe+Gonz%C3%A1lez%22,13231
2020-09-24T11:37:03Z,#FelizJueves,http://twitter.com/search?q=%23FelizJueves,10230
2020-09-24T13:37:05Z,Felipe González,http://twitter.com/search?q=%22Felipe+Gonz%C3%A1lez%22,27377
2020-09-24T15:42:05Z,Felipe González,http://twitter.com/search?q=%22Felipe+Gonz%C3%A1lez%22,30166
2020-09-24T16:47:07Z,#FelizJueves,http://twitter.com/search?q=%23FelizJueves,29726
2020-09-24T17:48:29Z,#FelizJueves,http://twitter.com/search?q=%23FelizJueves,32959
2020-09-24T18:48:30Z,#FelizJueves,http://twitter.com/search?q=%23FelizJueves,36004
2020-09-25T01:53:17Z,#FelizJueves,http://twitter.com/search?q=%23FelizJueves,48745
2020-09-25T03:53:13Z,#FelizJueves,http://twitter.com/search?q=%23FelizJueves,50599
2020-09-25T04:58:08Z,#FelizJueves,http://twitter.com/search?q=%23FelizJueves,51263
2020-09-25T06:58:12Z,Felipe González,http://twitter.com/search?q=%22Felipe+Gonz%C3%A1lez%22,26151
2020-09-25T08:03:15Z,Felipe González,http://twitter.com/search?q=%22Felipe+Gonz%C3%A1lez%22,23373
2020-09-25T09:03:14Z,Felipe VI,http://twitter.com/search?q=%22Felipe+VI%22,13408
2020-09-25T10:03:16Z,Felipe VI,http://twitter.com/search?q=%22Felipe+VI%22,13866
2020-09-25T11:03:18Z,Felipe VI,http://twitter.com/search?q=%22Felipe+VI%22,14299
2020-09-25T17:08:24Z,Felipe González,http://twitter.com/search?q=%22Felipe+Gonz%C3%A1lez%22,10893
2020-09-26T02:19:21Z,Rey Felipe,http://twitter.com/search?q=%22Rey+Felipe%22,14738
2020-09-26T03:19:20Z,Felipe VI,http://twitter.com/search?q=%22Felipe+VI%22,49895
2020-09-26T10:29:50Z,Rey Felipe,http://twitter.com/search?q=%22Rey+Felipe%22,17865
2020-09-26T12:29:58Z,Felipe VI,http://twitter.com/search?q=%22Felipe+VI%22,64964
2020-09-26T15:35:13Z,#FelizSabado,http://twitter.com/search?q=%23FelizSabado,22479
2020-09-27T03:44:51Z,Felipe VI,http://twitter.com/search?q=%22Felipe+VI%22,57811
2020-09-27T05:44:45Z,Felipe VI,http://twitter.com/search?q=%22Felipe+VI%22,56580
2020-09-27T07:54:51Z,#FelizSabado,http://twitter.com/search?q=%23FelizSabado,46002
2020-09-27T08:49:51Z,Felipe VI,http://twitter.com/search?q=%22Felipe+VI%22,52880
2020-09-27T12:57:16Z,#FelizDomingo,http://twitter.com/search?q=%23FelizDomingo,13162
2020-09-27T14:57:21Z,#FelizDomingo,http://twitter.com/search?q=%23FelizDomingo,21419
2020-09-28T11:21:54Z,#FelizLunes,http://twitter.com/search?q=%23FelizLunes,11078
2020-09-28T12:22:03Z,Felipe VI,http://twitter.com/search?q=%22Felipe+VI%22,43898
2020-09-28T13:27:12Z,Felipe VI,http://twitter.com/search?q=%22Felipe+VI%22,50510
2020-09-28T14:22:19Z,Felipe VI,http://twitter.com/search?q=%22Felipe+VI%22,55565
2020-09-28T15:27:25Z,#FelizLunes,http://twitter.com/search?q=%23FelizLunes,28209
2020-09-28T16:27:31Z,#FelizLunes,http://twitter.com/search?q=%23FelizLunes,32497
2020-09-28T18:28:43Z,#FelizLunes,http://twitter.com/search?q=%23FelizLunes,39202
2020-09-28T23:33:32Z,Felipe VI,http://twitter.com/search?q=%22Felipe+VI%22,89649
2020-09-29T00:38:24Z,Felipe VI,http://twitter.com/search?q=%22Felipe+VI%22,90428
2020-09-29T01:33:28Z,Felipe VI,http://twitter.com/search?q=%22Felipe+VI%22,90772
2020-09-29T04:37:58Z,Felipe VI,http://twitter.com/search?q=%22Felipe+VI%22,91513
2020-09-29T05:42:57Z,Felipe VI,http://twitter.com/search?q=%22Felipe+VI%22,92463
2020-09-29T06:42:59Z,Felipe VI,http://twitter.com/search?q=%22Felipe+VI%22,93859
2020-09-29T07:42:58Z,Felipe VI,http://twitter.com/search?q=%22Felipe+VI%22,95137
2020-09-29T11:48:08Z,#FelizMartes,http://twitter.com/search?q=%23FelizMartes,11037
2020-09-29T12:48:11Z,#FelizMartes,http://twitter.com/search?q=%23FelizMartes,14483
2020-09-29T13:53:22Z,#FelizMartes,http://twitter.com/search?q=%23FelizMartes,18959
2020-09-29T15:55:41Z,Felipe VI,http://twitter.com/search?q=%22Felipe+VI%22,52659
2020-09-29T16:55:44Z,#FelizMartes,http://twitter.com/search?q=%23FelizMartes,30397
2020-09-30T08:08:20Z,#FelizMartes,http://twitter.com/search?q=%23FelizMartes,41415
2020-09-30T10:08:27Z,#FelizMartes,http://twitter.com/search?q=%23FelizMartes,39092
2020-09-30T11:13:36Z,#FelizMartes,http://twitter.com/search?q=%23FelizMartes,36797
2020-09-30T12:18:46Z,#FelizMartes,http://twitter.com/search?q=%23FelizMartes,33382
2020-09-30T15:19:06Z,#FelizMiercoles,http://twitter.com/search?q=%23FelizMiercoles,24663
2020-10-01T11:38:45Z,#FelizJueves,http://twitter.com/search?q=%23FelizJueves,11363
2020-10-01T13:38:41Z,#FelizJueves,http://twitter.com/search?q=%23FelizJueves,17920
2020-10-02T09:02:19Z,#FelizJueves,http://twitter.com/search?q=%23FelizJueves,34589
2020-10-03T12:32:21Z,#FelizSabado,http://twitter.com/search?q=%23FelizSabado,11055
2020-10-03T13:37:22Z,#FelizSabado,http://twitter.com/search?q=%23FelizSabado,14215
2020-10-04T01:50:25Z,#FelizSabado,http://twitter.com/search?q=%23FelizSabado,36813
2020-10-05T11:25:25Z,#FelizLunes,http://twitter.com/search?q=%23FelizLunes,10494
2020-10-05T13:30:31Z,#FelizLunes,http://twitter.com/search?q=%23FelizLunes,17308
2020-10-05T15:28:06Z,#FelizLunes,http://twitter.com/search?q=%23FelizLunes,24782
2020-10-06T09:48:40Z,#FelizLunes,http://twitter.com/search?q=%23FelizLunes,40412
2020-10-06T10:53:44Z,#FelizLunes,http://twitter.com/search?q=%23FelizLunes,38877
2020-10-06T12:53:48Z,#FelizMartes,http://twitter.com/search?q=%23FelizMartes,14740
2020-10-06T13:53:55Z,#FelizMartes,http://twitter.com/search?q=%23FelizMartes,18236
2020-10-06T17:58:53Z,#FelizMartes,http://twitter.com/search?q=%23FelizMartes,31204
2020-10-06T20:03:50Z,#FelizMartes,http://twitter.com/search?q=%23FelizMartes,35375
2020-10-06T22:03:45Z,#FelizMartes,http://twitter.com/search?q=%23FelizMartes,38071
2020-10-07T12:16:44Z,#FelizMiercoles,http://twitter.com/search?q=%23FelizMiercoles,12202
2020-10-07T14:21:36Z,#FelizMiercoles,http://twitter.com/search?q=%23FelizMiercoles,18915
2020-10-07T15:21:48Z,#FelizMiercoles,http://twitter.com/search?q=%23FelizMiercoles,21997
2020-10-07T16:26:56Z,#FelizMiercoles,http://twitter.com/search?q=%23FelizMiercoles,24898
2020-10-07T18:26:57Z,#FelizMiercoles,http://twitter.com/search?q=%23FelizMiercoles,28935
2020-10-08T02:36:43Z,#FelizMiercoles,http://twitter.com/search?q=%23FelizMiercoles,37453
2020-10-08T04:36:21Z,#FelizMiercoles,http://twitter.com/search?q=%23FelizMiercoles,38075
2020-10-08T05:41:29Z,#FelizMiercoles,http://twitter.com/search?q=%23FelizMiercoles,37573
2020-10-08T06:41:24Z,#FelizMiercoles,http://twitter.com/search?q=%23FelizMiercoles,36224
2020-10-08T10:41:36Z,#FelizJueves,http://twitter.com/search?q=%23FelizJueves,10520
2020-10-08T12:46:49Z,#FelizJueves,http://twitter.com/search?q=%23FelizJueves,16279
2020-10-08T15:46:37Z,#FelizJueves,http://twitter.com/search?q=%23FelizJueves,25525
2020-10-08T19:53:44Z,#FelizJueves,http://twitter.com/search?q=%23FelizJueves,35641
2020-10-12T12:58:39Z,#FelizMartes,http://twitter.com/search?q=%23FelizMartes,13973
2020-10-13T01:57:38Z,#FelizMiercoles,http://twitter.com/search?q=%23FelizMiercoles,13176
2020-10-16T06:49:21Z,#FelizSabado,http://twitter.com/search?q=%23FelizSabado,10504
2020-10-17T21:43:33Z,#FelizDomingo,http://twitter.com/search?q=%23FelizDomingo,12128
2020-10-17T03:53:59Z,#FelizLunes,http://twitter.com/search?q=%23FelizLunes,14961
2020-10-02T14:17:45Z,Feliz Semana,http://twitter.com/search?q=%22Feliz+Semana%22,10576
2020-10-07T16:44:47Z,Feliz Semana,http://twitter.com/search?q=%22Feliz+Semana%22,11322
2020-10-08T08:19:53Z,Feliz Semana,http://twitter.com/search?q=%22Feliz+Semana%22,12618
2020-10-24T14:03:42Z,#FelizLunes,http://twitter.com/search?q=%23FelizLunes,14614
2020-10-24T14:03:42Z,Feliz Lunes,http://twitter.com/search?q=%22Feliz+Lunes%22,20410
2020-10-26T14:09:51Z,#FelizMartes,http://twitter.com/search?q=%23FelizMartes,10652
2020-10-27T20:36:46Z,#FelizMiercoles,http://twitter.com/search?q=%23FelizMiercoles,12099
2020-10-28T06:47:09Z,#EcharAFelipeVI,http://twitter.com/search?q=%23EcharAFelipeVI,10368
2020-10-28T06:47:09Z,#EcharAFelipeVI,http://twitter.com/search?q=%23EcharAFelipeVI,10573
2020-10-28T08:52:46Z,#FelizJueves,http://twitter.com/search?q=%23FelizJueves,11241
2020-10-29T09:34:57Z,Felices 60,http://twitter.com/search?q=%22Felices+60%22,12427
2020-10-29T12:55:19Z,Feliz Halloween,http://twitter.com/search?q=%22Feliz+Halloween%22,10723
2020-10-04T12:16:59Z,Feliz Halloween,http://twitter.com/search?q=%22Feliz+Halloween%22,32456
2020-10-29T09:49:35Z,Feliz Halloween,http://twitter.com/search?q=%22Feliz+Halloween%22,40379
2020-10-30T08:01:31Z,Feliz Halloween,http://twitter.com/search?q=%22Feliz+Halloween%22,44352
2020-10-30T08:01:31Z,Feliz Halloween,http://twitter.com/search?q=%22Feliz+Halloween%22,49768
2020-10-27T06:43:39Z,Feliz Día,http://twitter.com/search?q=%22Feliz+D%C3%ADa%22,125677
2020-10-27T06:43:39Z,Feliz Domingo,http://twitter.com/search?q=%22Feliz+Domingo%22,16466
2020-10-31T20:51:17Z,Feliz Navidad,http://twitter.com/search?q=%22Feliz+Navidad%22,12411
2020-11-01T16:15:40Z,#FelizLunes,http://twitter.com/search?q=%23FelizLunes,12908
2020-10-27T10:48:24Z,#FelizMiercoles,http://twitter.com/search?q=%23FelizMiercoles,13837
2020-11-03T18:11:09Z,#FelizJueves,http://twitter.com/search?q=%23FelizJueves,14110
2020-11-06T13:37:28Z,#FelizSabado,http://twitter.com/search?q=%23FelizSabado,15945
2020-10-31T12:41:19Z,Feliz Cumpleaños,http://twitter.com/search?q=%22Feliz+Cumplea%C3%B1os%22,41747
2020-10-22T00:03:06Z,Feliz Cumpleaños,http://twitter.com/search?q=%22Feliz+Cumplea%C3%B1os%22,40836
2020-11-07T16:58:51Z,#FelizDomingo,http://twitter.com/search?q=%23FelizDomingo,13533
2020-10-16T07:13:41Z,Feliz Semana,http://twitter.com/search?q=%22Feliz+Semana%22,12555
2020-11-07T17:57:58Z,#FelizLunes,http://twitter.com/search?q=%23FelizLunes,11362
2020-11-07T17:57:58Z,#FelizLunes,http://twitter.com/search?q=%23FelizLunes,14750
2020-11-10T11:40:43Z,#FelizMiercoles,http://twitter.com/search?q=%23FelizMiercoles,11266
2020-11-14T11:22:46Z,#FelizDomingo,http://twitter.com/search?q=%23FelizDomingo,10696
2020-11-15T21:52:49Z,#FelizLunes,http://twitter.com/search?q=%23FelizLunes,12560
2020-11-17T13:07:06Z,#FelizMiercoles,http://twitter.com/search?q=%23FelizMiercoles,11173
2020-11-20T10:10:21Z,#FelizSabado,http://twitter.com/search?q=%23FelizSabado,10080
2020-11-21T20:07:47Z,Felix,http://twitter.com/search?q=Felix,153877
2020-11-24T13:49:56Z,#FelizJueves,http://twitter.com/search?q=%23FelizJueves,11706
2020-11-24T13:49:56Z,Felipe González,http://twitter.com/search?q=%22Felipe+Gonz%C3%A1lez%22,13094
2020-11-24T13:49:56Z,Felipe González,http://twitter.com/search?q=%22Felipe+Gonz%C3%A1lez%22,17044
2020-11-24T13:49:56Z,Felipe González,http://twitter.com/search?q=%22Felipe+Gonz%C3%A1lez%22,21095
2020-11-24T13:49:56Z,Felipe González,http://twitter.com/search?q=%22Felipe+Gonz%C3%A1lez%22,22873
2020-11-27T08:25:06Z,#FelizSabado,http://twitter.com/search?q=%23FelizSabado,11434
2020-11-27T16:00:37Z,#FelizDomingo,http://twitter.com/search?q=%23FelizDomingo,10499
2020-11-29T13:11:32Z,#FelizLunes,http://twitter.com/search?q=%23FelizLunes,10595
2020-11-30T02:21:04Z,#FelizLunes,http://twitter.com/search?q=%23FelizLunes,13298
2020-11-09T11:22:43Z,Feliz 1,http://twitter.com/search?q=%22Feliz+1%22,153718
2020-11-09T11:22:43Z,Feliz Navidad,http://twitter.com/search?q=%22Feliz+Navidad%22,13075
2020-11-12T20:04:38Z,Feliz Navidad,http://twitter.com/search?q=%22Feliz+Navidad%22,14535
2020-11-12T20:04:38Z,Feliz 1,http://twitter.com/search?q=%22Feliz+1%22,157197
2020-11-04T09:36:09Z,Feliz Navidad,http://twitter.com/search?q=%22Feliz+Navidad%22,15144
2020-11-29T14:07:50Z,Feliz Navidad,http://twitter.com/search?q=%22Feliz+Navidad%22,15808
2020-11-29T14:07:50Z,Feliz Navidad,http://twitter.com/search?q=%22Feliz+Navidad%22,16340
2020-11-29T14:07:50Z,Feliz Navidad,http://twitter.com/search?q=%22Feliz+Navidad%22,18034
2020-11-30T21:38:45Z,Feliz Navidad,http://twitter.com/search?q=%22Feliz+Navidad%22,22685
2020-12-05T21:41:47Z,#FelizDomingo,http://twitter.com/search?q=%23FelizDomingo,13711
2020-12-05T23:23:07Z,#FelizLunes,http://twitter.com/search?q=%23FelizLunes,11227
2020-12-05T23:23:07Z,#FelizLunes,http://twitter.com/search?q=%23FelizLunes,14528
2020-12-05T23:23:07Z,#FelizLunes,http://twitter.com/search?q=%23FelizLunes,17745
2020-12-07T09:32:16Z,#FelizMartes,http://twitter.com/search?q=%23FelizMartes,16892
2020-12-08T18:06:21Z,#FelizMiercoles,http://twitter.com/search?q=%23FelizMiercoles,15071
2020-12-08T18:06:41Z,Feliz Miércoles,http://twitter.com/search?q=%22Feliz+Mi%C3%A9rcoles%22,32297
2020-12-12T16:01:57Z,#FelizDomingo,http://twitter.com/search?q=%23FelizDomingo,11415
2020-12-01T22:40:12Z,Feliz Navidad,http://twitter.com/search?q=%22Feliz+Navidad%22,22026
2020-12-16T13:11:20Z,#FelizJueves,http://twitter.com/search?q=%23FelizJueves,23355
2020-12-17T21:37:03Z,Feliz Navidad,http://twitter.com/search?q=%22Feliz+Navidad%22,23450
2020-12-17T21:55:22Z,Felices Fiestas,http://twitter.com/search?q=%22Felices+Fiestas%22,10007
2020-11-25T17:05:39Z,Feliz Navidad,http://twitter.com/search?q=%22Feliz+Navidad%22,29345
2020-11-19T07:57:14Z,Feliz Navidad,http://twitter.com/search?q=%22Feliz+Navidad%22,29259
2020-11-19T07:57:14Z,Feliz Navidad,http://twitter.com/search?q=%22Feliz+Navidad%22,29207
2020-12-17T22:06:36Z,#FelizSabado,http://twitter.com/search?q=%23FelizSabado,10903
2020-12-19T19:38:32Z,#FelizDomingo,http://twitter.com/search?q=%23FelizDomingo,15044
2020-12-19T19:38:32Z,#FelizDomingo,http://twitter.com/search?q=%23FelizDomingo,22029
2020-11-21T20:07:47Z,Feliz Navidad,http://twitter.com/search?q=%22Feliz+Navidad%22,52009
2020-11-21T20:07:47Z,Felices Fiestas,http://twitter.com/search?q=%22Felices+Fiestas%22,13070
2020-12-20T10:50:03Z,Felices Fiestas,http://twitter.com/search?q=%22Felices+Fiestas%22,14202
2020-12-20T10:49:11Z,Feliz Navidad,http://twitter.com/search?q=%22Feliz+Navidad%22,58275
2020-12-20T10:49:11Z,Felices Fiestas,http://twitter.com/search?q=%22Felices+Fiestas%22,16569
2020-12-20T12:32:59Z,Feliz Navidad,http://twitter.com/search?q=%22Feliz+Navidad%22,64386
2020-12-20T12:32:59Z,Felices Fiestas,http://twitter.com/search?q=%22Felices+Fiestas%22,18612
2020-12-20T12:32:59Z,Felices Fiestas,http://twitter.com/search?q=%22Felices+Fiestas%22,20913
2020-11-22T16:03:00Z,Feliz Navidad,http://twitter.com/search?q=%22Feliz+Navidad%22,81340
2020-12-20T19:54:20Z,Feliz Navidad,http://twitter.com/search?q=%22Feliz+Navidad%22,82483
2020-12-20T19:54:20Z,Feliz Navidad,http://twitter.com/search?q=%22Feliz+Navidad%22,83159
2020-12-20T19:54:20Z,Felices Fiestas,http://twitter.com/search?q=%22Felices+Fiestas%22,28475
2020-12-20T19:54:20Z,Felices Fiestas,http://twitter.com/search?q=%22Felices+Fiestas%22,28441
2020-12-20T19:54:20Z,Feliz 2021,http://twitter.com/search?q=%22Feliz+2021%22,13016
2020-12-20T19:54:20Z,Felices Fiestas,http://twitter.com/search?q=%22Felices+Fiestas%22,29705
2020-12-20T19:54:20Z,Felices Fiestas,http://twitter.com/search?q=%22Felices+Fiestas%22,30268
2020-12-20T19:54:20Z,Felices Fiestas,http://twitter.com/search?q=%22Felices+Fiestas%22,30575
2020-11-27T17:43:22Z,Feliz Navidad,http://twitter.com/search?q=%22Feliz+Navidad%22,81106
2020-11-23T20:23:38Z,Feliz Navidad,http://twitter.com/search?q=%22Feliz+Navidad%22,81177
2020-11-23T20:23:38Z,Feliz Navidad,http://twitter.com/search?q=%22Feliz+Navidad%22,81565
2020-12-22T10:09:21Z,Felices Fiestas,http://twitter.com/search?q=%22Felices+Fiestas%22,38575
2020-12-22T10:09:21Z,Feliz Navidad,http://twitter.com/search?q=%22Feliz+Navidad%22,83489
2020-12-22T10:09:21Z,Feliz Navidad,http://twitter.com/search?q=%22Feliz+Navidad%22,85564
2020-12-22T10:09:21Z,Felices Fiestas,http://twitter.com/search?q=%22Felices+Fiestas%22,40929
2020-12-21T12:26:31Z,Felices Fiestas,http://twitter.com/search?q=%22Felices+Fiestas%22,41901
2020-12-21T12:26:31Z,Feliz Navidad,http://twitter.com/search?q=%22Feliz+Navidad%22,92595
2020-12-21T12:26:31Z,#FelizMiercoles,http://twitter.com/search?q=%23FelizMiercoles,13618
2020-12-20T19:54:20Z,Felices Fiestas,http://twitter.com/search?q=%22Felices+Fiestas%22,44077
2020-12-20T19:54:20Z,Felices Fiestas,http://twitter.com/search?q=%22Felices+Fiestas%22,47816
2020-12-20T19:54:20Z,Felices Fiestas,http://twitter.com/search?q=%22Felices+Fiestas%22,52539
2020-12-20T19:54:20Z,Felices Fiestas,http://twitter.com/search?q=%22Felices+Fiestas%22,55884
2020-12-16T03:27:40Z,Felices Fiestas,http://twitter.com/search?q=%22Felices+Fiestas%22,58862
2020-12-20T14:13:10Z,Feliz Navidad,http://twitter.com/search?q=%22Feliz+Navidad%22,141412
2020-12-23T08:22:09Z,Feliz Navidad,http://twitter.com/search?q=%22Feliz+Navidad%22,151092
2020-12-23T08:22:09Z,Feliz Navidad,http://twitter.com/search?q=%22Feliz+Navidad%22,161916
2020-12-23T02:28:35Z,Feliz Navidad,http://twitter.com/search?q=%22Feliz+Navidad%22,173310
2020-12-23T02:28:35Z,#ApagaAFelipeVI,http://twitter.com/search?q=%23ApagaAFelipeVI,22261
2020-12-23T02:28:35Z,#ApagaAFelipeVI,http://twitter.com/search?q=%23ApagaAFelipeVI,23447
2020-12-23T02:28:35Z,#ApagaAFelipeVI,http://twitter.com/search?q=%23ApagaAFelipeVI,23891
2020-11-24T15:27:20Z,Felices Fiestas,http://twitter.com/search?q=%22Felices+Fiestas%22,83208
2020-12-21T12:26:31Z,Felices Fiestas,http://twitter.com/search?q=%22Felices+Fiestas%22,86248
2020-12-17T21:33:15Z,Feliz Navidad,http://twitter.com/search?q=%22Feliz+Navidad%22,275925
2020-12-17T21:33:15Z,Felices Fiestas,http://twitter.com/search?q=%22Felices+Fiestas%22,90594
2020-12-17T21:33:15Z,Feliz Navidad,http://twitter.com/search?q=%22Feliz+Navidad%22,297559
2020-12-17T21:33:15Z,Felices Fiestas,http://twitter.com/search?q=%22Felices+Fiestas%22,102076
2020-12-17T21:33:15Z,Felipe VI,http://twitter.com/search?q=%22Felipe+VI%22,11573
2020-12-17T21:33:15Z,Felices Fiestas,http://twitter.com/search?q=%22Felices+Fiestas%22,109403
2020-12-17T21:33:15Z,Felipe VI,http://twitter.com/search?q=%22Felipe+VI%22,12467
2020-12-17T21:33:15Z,Feliz Navidad,http://twitter.com/search?q=%22Feliz+Navidad%22,416416
2020-12-17T21:33:15Z,Felices Fiestas,http://twitter.com/search?q=%22Felices+Fiestas%22,118670
2020-12-17T21:33:15Z,Feliz Navidad,http://twitter.com/search?q=%22Feliz+Navidad%22,478303
2020-12-17T21:33:15Z,Felices Fiestas,http://twitter.com/search?q=%22Felices+Fiestas%22,126413
2020-12-17T21:33:15Z,Feliz Navidad,http://twitter.com/search?q=%22Feliz+Navidad%22,540659
2020-12-17T21:33:15Z,Felices Fiestas,http://twitter.com/search?q=%22Felices+Fiestas%22,134748
2020-12-17T21:33:15Z,Feliz Navidad,http://twitter.com/search?q=%22Feliz+Navidad%22,602133
2020-12-17T21:33:15Z,Felices Fiestas,http://twitter.com/search?q=%22Felices+Fiestas%22,143574
2020-12-17T21:33:15Z,Feliz Navidad,http://twitter.com/search?q=%22Feliz+Navidad%22,668652
2020-12-17T21:33:15Z,Felices Fiestas,http://twitter.com/search?q=%22Felices+Fiestas%22,158257
2020-12-17T21:33:15Z,Feliz Navidad,http://twitter.com/search?q=%22Feliz+Navidad%22,740462
2020-12-17T21:33:15Z,Felices Fiestas,http://twitter.com/search?q=%22Felices+Fiestas%22,171345
2020-12-17T21:33:15Z,Feliz Navidad,http://twitter.com/search?q=%22Feliz+Navidad%22,806714
2020-12-17T21:33:15Z,Feliz Navidad,http://twitter.com/search?q=%22Feliz+Navidad%22,864698
2020-12-17T21:33:15Z,Feliz Navidad,http://twitter.com/search?q=%22Feliz+Navidad%22,930481
2020-12-17T21:33:15Z,Feliz Navidad,http://twitter.com/search?q=%22Feliz+Navidad%22,930481
2020-12-17T21:33:15Z,Feliz Navidad,http://twitter.com/search?q=%22Feliz+Navidad%22,1010417
2020-12-17T21:33:15Z,Felipe IV,http://twitter.com/search?q=%22Felipe+IV%22,11619
2020-12-17T21:33:15Z,Feliz Navidad,http://twitter.com/search?q=%22Feliz+Navidad%22,1171761
2020-12-17T21:33:15Z,Feliz Navidad,http://twitter.com/search?q=%22Feliz+Navidad%22,1248203
2020-12-17T21:33:15Z,Felipe VI,http://twitter.com/search?q=%22Felipe+VI%22,49456
2020-11-26T19:29:35Z,Feliz Navidad,http://twitter.com/search?q=%22Feliz+Navidad%22,989370
2020-12-07T11:18:32Z,Feliz Navidad,http://twitter.com/search?q=%22Feliz+Navidad%22,1088077
2020-11-26T14:34:05Z,Felipe VI,http://twitter.com/search?q=%22Felipe+VI%22,51726
2020-11-26T14:34:05Z,Felipe IV,http://twitter.com/search?q=%22Felipe+IV%22,12698
2020-11-26T14:34:05Z,Felipe VI,http://twitter.com/search?q=%22Felipe+VI%22,54007
2020-11-26T14:34:05Z,Rey Felipe,http://twitter.com/search?q=%22Rey+Felipe%22,26467
2020-11-25T17:07:49Z,Feliz Navidad,http://twitter.com/search?q=%22Feliz+Navidad%22,1849536
2020-12-17T21:33:15Z,Felipe VI,http://twitter.com/search?q=%22Felipe+VI%22,60899
2020-12-17T21:33:15Z,Felipe VI,http://twitter.com/search?q=%22Felipe+VI%22,64016
2020-12-17T21:33:15Z,Felipe VI,http://twitter.com/search?q=%22Felipe+VI%22,66419
2020-12-17T21:33:15Z,Feliz Día de Navidad,http://twitter.com/search?q=%22Feliz+D%C3%ADa+de+Navidad%22,38208
2020-12-20T19:54:20Z,Felipe VI,http://twitter.com/search?q=%22Felipe+VI%22,69179
2020-12-26T14:03:21Z,#FelizDomingo,http://twitter.com/search?q=%23FelizDomingo,10023
2020-12-26T14:03:21Z,Feliz Domingo,http://twitter.com/search?q=%22Feliz+Domingo%22,60059
2020-12-04T08:02:15Z,Feliz Día,http://twitter.com/search?q=%22Feliz+D%C3%ADa%22,77868
2020-12-04T08:02:15Z,Feliz Día,http://twitter.com/search?q=%22Feliz+D%C3%ADa%22,78398
2020-12-27T22:12:55Z,Feliz 2021,http://twitter.com/search?q=%22Feliz+2021%22,11396
2020-12-27T22:12:55Z,Feliz 2021,http://twitter.com/search?q=%22Feliz+2021%22,11389
2020-12-27T23:50:20Z,Feliz 2021,http://twitter.com/search?q=%22Feliz+2021%22,11281
2020-12-26T12:43:06Z,#FelizLunes,http://twitter.com/search?q=%23FelizLunes,10406
2020-12-26T12:43:06Z,Feliz 2021,http://twitter.com/search?q=%22Feliz+2021%22,11287
2020-12-27T13:05:28Z,Feliz 2021,http://twitter.com/search?q=%22Feliz+2021%22,11359
2020-12-27T13:05:28Z,#FelizLunes,http://twitter.com/search?q=%23FelizLunes,13088
2020-12-27T13:05:28Z,Feliz 28,http://twitter.com/search?q=%22Feliz+28%22,11368
2020-12-28T15:07:53Z,Feliz 2021,http://twitter.com/search?q=%22Feliz+2021%22,37746
2020-12-28T08:48:06Z,Feliz Año Nuevo,http://twitter.com/search?q=%22Feliz+A%C3%B1o+Nuevo%22,13584
2020-12-28T08:48:06Z,Feliz Año Nuevo,http://twitter.com/search?q=%22Feliz+A%C3%B1o+Nuevo%22,13824
2020-12-04T08:02:15Z,Feliz 2021,http://twitter.com/search?q=%22Feliz+2021%22,25418
2020-12-04T08:02:15Z,Feliz 2021,http://twitter.com/search?q=%22Feliz+2021%22,25493
2020-12-29T10:51:57Z,Feliz 2021,http://twitter.com/search?q=%22Feliz+2021%22,25928
2020-12-29T12:13:10Z,Feliz 2021,http://twitter.com/search?q=%22Feliz+2021%22,26359
2020-12-29T12:13:10Z,Feliz 2021,http://twitter.com/search?q=%22Feliz+2021%22,28066
2020-12-29T12:13:10Z,Feliz 2021,http://twitter.com/search?q=%22Feliz+2021%22,29585
2020-12-29T12:13:10Z,Feliz 2021,http://twitter.com/search?q=%22Feliz+2021%22,31473
2020-12-30T07:31:48Z,Feliz 2021,http://twitter.com/search?q=%22Feliz+2021%22,32913
2020-12-30T07:31:48Z,Feliz 2021,http://twitter.com/search?q=%22Feliz+2021%22,34687
2020-12-30T07:31:48Z,Feliz 2021,http://twitter.com/search?q=%22Feliz+2021%22,36529
2020-12-29T09:37:20Z,Feliz 2021,http://twitter.com/search?q=%22Feliz+2021%22,38416
2020-12-24T04:34:37Z,Feliz 2021,http://twitter.com/search?q=%22Feliz+2021%22,54712
2020-12-16T15:35:59Z,Feliz Año Nuevo,http://twitter.com/search?q=%22Feliz+A%C3%B1o+Nuevo%22,33425
2020-12-24T03:19:14Z,Feliz 2021,http://twitter.com/search?q=%22Feliz+2021%22,57792
2020-12-04T08:02:15Z,Feliz 2021,http://twitter.com/search?q=%22Feliz+2021%22,59825
2020-12-04T08:02:15Z,Feliz 2021,http://twitter.com/search?q=%22Feliz+2021%22,63120
2020-12-30T03:50:36Z,Feliz Año Nuevo,http://twitter.com/search?q=%22Feliz+A%C3%B1o+Nuevo%22,47709
2020-12-29T10:58:27Z,Feliz 2021,http://twitter.com/search?q=%22Feliz+2021%22,90010
2020-12-29T09:37:20Z,Feliz 2021,http://twitter.com/search?q=%22Feliz+2021%22,107034
2020-12-29T09:37:20Z,Feliz 2021,http://twitter.com/search?q=%22Feliz+2021%22,127651
2020-12-29T09:37:20Z,Feliz Año,http://twitter.com/search?q=%22Feliz+A%C3%B1o%22,354322
2020-12-29T09:37:20Z,Feliz 2021,http://twitter.com/search?q=%22Feliz+2021%22,182690
2020-12-29T09:37:20Z,Feliz Año,http://twitter.com/search?q=%22Feliz+A%C3%B1o%22,534844
2020-12-29T09:37:20Z,Feliz 2021,http://twitter.com/search?q=%22Feliz+2021%22,242177
2020-12-29T09:37:20Z,Feliz Año,http://twitter.com/search?q=%22Feliz+A%C3%B1o%22,678072
2020-12-29T09:37:20Z,Feliz 2021,http://twitter.com/search?q=%22Feliz+2021%22,308695
2020-12-29T10:58:27Z,Feliz 2021,http://twitter.com/search?q=%22Feliz+2021%22,341222
2020-12-29T10:58:27Z,Feliz 2021,http://twitter.com/search?q=%22Feliz+2021%22,370595
2020-12-29T09:37:20Z,Feliz Año,http://twitter.com/search?q=%22Feliz+A%C3%B1o%22,1038303
2020-12-29T10:58:27Z,Feliz 2021,http://twitter.com/search?q=%22Feliz+2021%22,621639
2020-12-29T10:58:27Z,#Feliz2021RTVE,http://twitter.com/search?q=%23Feliz2021RTVE,13557
2020-12-29T10:58:27Z,#Feliz2021RTVE,http://twitter.com/search?q=%23Feliz2021RTVE,14355
2020-12-29T10:58:27Z,Felis,http://twitter.com/search?q=Felis,16187
2020-12-29T10:58:27Z,#Feliz2021,http://twitter.com/search?q=%23Feliz2021,106026
2020-12-29T10:58:27Z,#FelizAño,http://twitter.com/search?q=%23FelizA%C3%B1o,14510
2020-12-29T10:58:27Z,Felis,http://twitter.com/search?q=Felis,17296
2020-12-29T10:58:27Z,Felis,http://twitter.com/search?q=Felis,17380
2020-12-29T10:58:27Z,Feliz 2️⃣0️⃣2️⃣1️⃣,http://twitter.com/search?q=%22Feliz+2%EF%B8%8F%E2%83%A30%EF%B8%8F%E2%83%A32%EF%B8%8F%E2%83%A31%EF%B8%8F%E2%83%A3%22,10983
2020-12-30T08:01:00Z,#Feliz2021,http://twitter.com/search?q=%23Feliz2021,122666
2021-01-06T07:32:53Z,#FelizJueves,http://twitter.com/search?q=%23FelizJueves,14889
2021-01-07T21:53:05Z,#FelizDomingo,http://twitter.com/search?q=%23FelizDomingo,21109
2021-01-09T18:11:54Z,#FelizLunes,http://twitter.com/search?q=%23FelizLunes,13181
2021-01-09T18:11:54Z,#FelizLunes,http://twitter.com/search?q=%23FelizLunes,16996
2021-01-11T16:54:30Z,#FelizMartes,http://twitter.com/search?q=%23FelizMartes,11660
2021-01-12T17:27:33Z,#FelizMiercoles,http://twitter.com/search?q=%23FelizMiercoles,10439
2021-01-13T20:18:03Z,#FelizJueves,http://twitter.com/search?q=%23FelizJueves,11326
2021-01-15T09:12:31Z,#FelizSabado,http://twitter.com/search?q=%23FelizSabado,11899
2021-01-16T22:44:15Z,#FelizDomingo,http://twitter.com/search?q=%23FelizDomingo,14960
2021-01-17T12:14:27Z,#FelizLunes,http://twitter.com/search?q=%23FelizLunes,19545
2021-01-17T12:14:27Z,#FelizLunes,http://twitter.com/search?q=%23FelizLunes,28633
2021-01-17T12:14:27Z,#FelizLunes,http://twitter.com/search?q=%23FelizLunes,35822
2021-01-19T10:44:11Z,#FelizMiercoles,http://twitter.com/search?q=%23FelizMiercoles,14487
2021-01-19T10:44:11Z,#FelizMiercoles,http://twitter.com/search?q=%23FelizMiercoles,22476
2021-01-20T08:14:57Z,#EcharYaAFelipeVI,http://twitter.com/search?q=%23EcharYaAFelipeVI,13616
2021-01-20T08:14:57Z,#EcharYaAFelipeVI,http://twitter.com/search?q=%23EcharYaAFelipeVI,13792
2021-01-20T08:14:57Z,#EcharYaAFelipeVI,http://twitter.com/search?q=%23EcharYaAFelipeVI,13895
2021-01-04T11:13:03Z,#EcharYaAFelipeVI,http://twitter.com/search?q=%23EcharYaAFelipeVI,14066
2021-01-23T12:50:51Z,#FelizDomingo,http://twitter.com/search?q=%23FelizDomingo,12115
2021-01-24T16:11:45Z,#FelizLunes,http://twitter.com/search?q=%23FelizLunes,10545
2021-01-24T21:36:54Z,#FelizLunes,http://twitter.com/search?q=%23FelizLunes,13662
2021-01-24T02:46:07Z,Felipe González,http://twitter.com/search?q=%22Felipe+Gonz%C3%A1lez%22,12017
2021-01-25T05:07:32Z,#FelizMartes,http://twitter.com/search?q=%23FelizMartes,17169
2021-01-26T09:24:35Z,#FelizMiercoles,http://twitter.com/search?q=%23FelizMiercoles,12640
2021-01-26T09:24:35Z,#FelizMiercoles,http://twitter.com/search?q=%23FelizMiercoles,19622
2021-01-26T16:47:33Z,#FelizJueves,http://twitter.com/search?q=%23FelizJueves,15708
2021-01-29T18:21:45Z,#FelizSabado,http://twitter.com/search?q=%23FelizSabado,12105
2021-01-29T18:21:45Z,#FelizSabado,http://twitter.com/search?q=%23FelizSabado,15006
2021-01-30T08:40:43Z,Felipe Melo,http://twitter.com/search?q=%22Felipe+Melo%22,30392
2021-01-30T12:48:12Z,Felipe Melo,http://twitter.com/search?q=%22Felipe+Melo%22,33875
2021-01-29T22:34:31Z,#FelizDomingo,http://twitter.com/search?q=%23FelizDomingo,10366
2021-01-30T14:18:11Z,#FelizDomingo,http://twitter.com/search?q=%23FelizDomingo,16159
2021-01-31T01:58:05Z,#FelizLunes,http://twitter.com/search?q=%23FelizLunes,10702
2021-01-31T22:00:00Z,#FelizLunes,http://twitter.com/search?q=%23FelizLunes,14137
2021-02-10T12:58:04Z,#FelizSabado,http://twitter.com/search?q=%23FelizSabado,16856
2021-02-07T12:05:45Z,#FelizDomingo,http://twitter.com/search?q=%23FelizDomingo,11238
2021-02-24T20:25:03Z,#FelizJueves,http://twitter.com/search?q=%23FelizJueves,10436
2021-02-24T20:25:03Z,#FelizJueves,http://twitter.com/search?q=%23FelizJueves,10511
2021-02-24T20:25:03Z,#FelizJueves,http://twitter.com/search?q=%23FelizJueves,10638
2021-02-24T20:25:03Z,#FelizJueves,http://twitter.com/search?q=%23FelizJueves,10794
2021-02-24T20:25:03Z,#FelizJueves,http://twitter.com/search?q=%23FelizJueves,10880
2021-02-24T20:25:03Z,#FelizJueves,http://twitter.com/search?q=%23FelizJueves,10978
2021-03-06T11:58:41Z,#FelizDomingo,http://twitter.com/search?q=%23FelizDomingo,20980
2021-03-05T07:19:16Z,Feliz 8M,http://twitter.com/search?q=%22Feliz+8M%22,11252
2021-03-06T11:58:41Z,Feliz 8M,http://twitter.com/search?q=%22Feliz+8M%22,30461
2021-03-06T11:58:41Z,Feliz 8M,http://twitter.com/search?q=%22Feliz+8M%22,52633
2021-03-12T14:21:53Z,#FelizSabado,http://twitter.com/search?q=%23FelizSabado,16701
2021-04-01T23:03:07Z,Felipe VI,http://twitter.com/search?q=%22Felipe+VI%22,19077
2021-04-04T20:23:47Z,#FelizLunes,http://twitter.com/search?q=%23FelizLunes,17492
2021-04-10T09:20:22Z,#FelizDomingo,http://twitter.com/search?q=%23FelizDomingo,15640
2021-04-28T12:47:37Z,Felipe González,http://twitter.com/search?q=%22Felipe+Gonz%C3%A1lez%22,13142
2021-04-29T08:30:00Z,Felipe González,http://twitter.com/search?q=%22Felipe+Gonz%C3%A1lez%22,21453
2021-05-01T05:51:36Z,#FelizDiadeLaMadre,http://twitter.com/search?q=%23FelizDiadeLaMadre,10596
2021-05-01T05:51:36Z,Feliz 2,http://twitter.com/search?q=%22Feliz+2%22,14822
2021-05-06T13:58:58Z,Felipe González,http://twitter.com/search?q=%22Felipe+Gonz%C3%A1lez%22,12387
2021-05-09T06:00:00Z,La de Felipe,http://twitter.com/search?q=%22La+de+Felipe%22,11580
2021-05-08T07:45:05Z,Feliz Cumpleaños,http://twitter.com/search?q=%22Feliz+Cumplea%C3%B1os%22,28808
2021-05-13T09:02:51Z,Muchas Felicidades,http://twitter.com/search?q=%22Muchas+Felicidades%22,12374
2021-04-21T13:35:36Z,Feliz Día,http://twitter.com/search?q=%22Feliz+D%C3%ADa%22,58182
2021-05-16T10:58:41Z,Feliz Día,http://twitter.com/search?q=%22Feliz+D%C3%ADa%22,58824
2021-05-16T16:57:52Z,Feliz Día,http://twitter.com/search?q=%22Feliz+D%C3%ADa%22,62591
2021-05-25T12:11:33Z,Felipe González,http://twitter.com/search?q=%22Felipe+Gonz%C3%A1lez%22,17149
2021-05-27T12:29:58Z,Feliz Día,http://twitter.com/search?q=%22Feliz+D%C3%ADa%22,52896
2021-05-29T23:47:06Z,#FelizDomingo,http://twitter.com/search?q=%23FelizDomingo,12080
2021-06-11T08:30:31Z,#FelizSabado,http://twitter.com/search?q=%23FelizSabado,10958
2021-06-13T09:25:02Z,Felipe VI,http://twitter.com/search?q=%22Felipe+VI%22,18451
